match_id,cmp_id,homeTeamId,awayTeamId,startDate,courtId,referee_id,round,isDraw,last_match,is_bye,is_forfeited,is_cancel,homeTeamKits,awayTeamKits,homeTeamName,awayTeamName,total_goals,goal_difference,home_win,match_year,match_month,match_day,match_weekday,home_team_goals,away_team_goals,home_team_points,away_team_points,home_result,away_result,home_win_ratio,away_win_ratio,home_avg_goals_scored,away_avg_goals_scored,home_avg_goals_conceded,away_avg_goals_conceded,home_recent_form,away_recent_form,home_elo,away_elo,h2h_home_wins,h2h_away_wins,h2h_matches,home_last5_avg_goals,away_last5_avg_goals
97881,430,331,17,1/20/2023,11,1,1,0,0,0,0,0,0,0,Hume FC,Fitzroy FC,6,4,0,2023,1,20,4,1,5,0,3,L,W,0,0,0,0,0,0,0,0,1500,1500,0,0,0,0,0
97882,430,21,19,1/20/2023,11,1,1,0,0,0,0,0,0,0,Campbellfield FC,Altona Knights FC,11,1,1,2023,1,20,4,6,5,0,0,W,L,0,0,0,0,0,0,0,0,1500,1500,0,0,0,0,0
97883,430,325,18,1/20/2023,11,1,1,0,0,0,0,0,0,0,Roxburgh Park Gorillas,Moreland Blues FC,5,3,0,2023,1,20,4,1,4,0,3,L,W,0,0,0,0,0,0,0,0,1500,1500,0,0,0,0,0
97885,430,22,331,1/27/2023,11,1,2,0,0,0,0,0,0,0,FC Carlton Heart,Hume FC,6,2,0,2023,1,27,4,2,4,0,3,L,W,0,0,0,1,0,5,0,0,1500,1484,0,0,0,0,1
97886,430,18,19,1/27/2023,11,1,2,0,0,0,0,0,0,0,Moreland Blues FC,Altona Knights FC,5,3,1,2023,1,27,4,4,1,3,0,W,L,1,0,4,5,1,6,1,0,1516,1484,0,0,0,4,5
97887,430,21,325,1/27/2023,11,1,2,0,0,0,0,0,0,0,Campbellfield FC,Roxburgh Park Gorillas,15,9,1,2023,1,27,4,12,3,3,0,W,L,1,0,6,1,5,4,1,0,1516,1484,0,0,0,6,1
97889,430,325,19,2/3/2023,11,1,3,0,0,0,0,0,0,0,Roxburgh Park Gorillas,Altona Knights FC,4,2,1,2023,2,3,4,3,1,3,0,W,L,0,0,2,3,8,5,0,0,1469.469502,1469.469502,0,0,0,2,3
97890,430,17,22,2/3/2023,11,1,3,0,0,0,0,0,0,0,Fitzroy FC,FC Carlton Heart,8,6,1,2023,2,3,4,7,1,3,0,W,L,1,0,5,2,1,4,1,0,1516,1483.263693,0,0,0,5,2
97891,430,18,21,2/3/2023,11,1,3,0,0,0,0,0,0,0,Moreland Blues FC,Campbellfield FC,8,2,1,2023,2,3,4,5,3,3,0,W,L,1,1,4,9,1,4,1,1,1530.530498,1530.530498,0,0,0,4,9
97896,430,21,20,2/10/2023,11,1,4,0,0,0,0,0,0,0,Campbellfield FC,Western United FC,6,4,1,2023,2,10,4,5,1,3,0,W,L,0.666666667,0,7,0,4.333333333,0,0.666666667,0,1514.530498,1500,0,0,0,7,0
97895,430,331,18,2/10/2023,11,1,4,1,0,0,0,0,0,0,Hume FC,Moreland Blues FC,5,1,1,2023,2,10,4,3,2,3,0,W,L,0.5,1,2.5,4.333333333,3.5,1.666666667,0.5,1,1500.736307,1546.530498,0,0,0,2.5,4.333333333
97894,430,22,19,2/10/2023,11,1,4,0,0,0,0,0,0,0,FC Carlton Heart,Altona Knights FC,15,5,0,2023,2,10,4,5,10,0,3,L,W,0,0,1.5,2.333333333,5.5,4.333333333,0,0,1468.76681,1453.469502,0,0,0,1.5,2.333333333
97893,430,17,325,2/10/2023,11,1,4,0,0,0,0,0,0,0,Fitzroy FC,Roxburgh Park Gorillas,5,3,1,2023,2,10,4,4,1,3,0,W,L,1,0.333333333,6,2.333333333,1,5.666666667,1,0.333333333,1530.496883,1485.469502,0,0,0,6,2.333333333
97897,430,22,325,2/17/2023,11,1,5,0,0,0,0,0,0,0,FC Carlton Heart,Roxburgh Park Gorillas,10,8,1,2023,2,17,4,9,1,3,0,W,L,0,0.25,2.666666667,2,7,5.25,0,0.25,1452.062798,1471.531557,0,0,0,2.666666667,2
97898,430,331,19,2/17/2023,11,1,5,0,0,0,0,0,0,0,Hume FC,Altona Knights FC,3,3,0,2023,2,17,4,0,3,0,3,L,W,0.666666667,0.25,2.666666667,4.25,3,4.5,0.666666667,0.25,1518.833079,1470.173514,0,0,0,2.666666667,4.25
97899,430,17,21,2/17/2023,11,1,5,0,0,0,0,0,0,0,Fitzroy FC,Campbellfield FC,3,1,1,2023,2,17,4,2,1,3,0,W,L,1,0.75,5.333333333,6.5,1,3.5,1,0.75,1544.434827,1529.861734,0,0,0,5.333333333,6.5
97900,430,20,18,2/17/2023,11,1,5,0,0,0,0,0,0,0,Western United FC,Moreland Blues FC,6,2,0,2023,2,17,4,2,4,0,3,L,W,0,0.75,1,3.75,5,2,0,0.75,1484.668764,1528.433726,0,0,0,1,3.75
97884,430,22,20,2/21/2023,11,1,1,0,0,0,0,0,0,0,FC Carlton Heart,Western United FC,3,1,1,2023,2,21,1,2,1,3,0,W,L,0.25,0,4.25,1.5,5.5,4.5,0.25,0,1468.95843,1470.673623,0,0,0,4.25,1.5
97901,430,19,17,2/24/2023,11,1,6,0,0,0,0,0,0,0,Altona Knights FC,Fitzroy FC,7,7,0,2023,2,24,4,0,7,0,3,L,W,0.4,1,4,4.5,3.6,1,0.4,1,1488.399832,1559.764105,0,0,0,4,4.5
97902,430,22,18,2/24/2023,11,1,6,0,0,0,0,0,0,0,FC Carlton Heart,Moreland Blues FC,7,1,0,2023,2,24,4,3,4,0,3,L,W,0.4,0.8,3.8,3.8,4.6,2,0.4,0.8,1485.037417,1542.428868,0,0,0,3.8,3.8
97903,430,20,325,2/24/2023,11,1,6,0,0,0,0,0,0,0,Western United FC,Roxburgh Park Gorillas,5,1,0,2023,2,24,4,2,3,0,0,L,W,0,0.2,1.333333333,1.8,3.666666667,6,0,0.2,1454.594636,1454.635925,0,0,0,1.333333333,1.8
97904,430,21,331,2/24/2023,11,1,6,0,0,0,0,0,0,0,Campbellfield FC,Hume FC,7,1,1,2023,2,24,4,4,3,3,0,W,L,0.6,0.5,5.4,2,3.2,3,0.6,0.5,1514.532457,1500.606761,0,0,0,5.4,2
97888,430,20,17,2/28/2023,11,1,2,0,0,0,0,0,0,0,Western United FC,Fitzroy FC,8,4,0,2023,2,28,1,2,6,0,3,L,W,0,1,1.5,5,3.5,0.8,0,1,1438.596537,1572.52311,0,0,0,1.5,5
97908,430,21,22,3/3/2023,11,1,7,0,1,0,0,0,0,0,Campbellfield FC,FC Carlton Heart,9,1,1,2023,3,3,4,5,4,0,0,W,L,0.666666667,0.333333333,5.166666667,3.666666667,3.166666667,4.5,0.6,0.4,1529.891498,1471.656612,0,0,0,5,4
97906,430,20,19,3/3/2023,11,1,7,0,0,0,0,0,0,0,Western United FC,Altona Knights FC,15,5,1,2023,3,3,4,10,5,3,0,W,L,0,0.333333333,1.6,3.333333333,4,4.166666667,0,0.4,1428.475735,1475.640826,0,0,0,1.6,3
97907,430,17,18,3/3/2023,11,1,7,0,0,0,0,0,0,0,Fitzroy FC,Moreland Blues FC,7,1,1,2023,3,3,4,4,3,3,0,W,L,1,0.833333333,5.166666667,3.833333333,1,2.166666667,1,0.8,1582.643913,1555.809674,0,0,0,5.2,3.8
97905,430,325,331,3/3/2023,11,1,7,0,0,0,0,0,0,0,Roxburgh Park Gorillas,Hume FC,4,2,0,2023,3,3,4,1,3,0,3,L,W,0.333333333,0.4,2,2.2,5.333333333,3.2,0.4,0.4,1470.634024,1485.247719,0,0,0,2.2,2.2
97892,430,331,20,3/7/2023,11,1,3,0,0,0,0,0,0,0,Hume FC,Western United FC,8,2,1,2023,3,7,1,5,3,3,0,W,L,0.5,0.166666667,2.333333333,3,2.833333333,4.166666667,0.6,0.2,1500.57513,1446.634522,0,0,0,2.6,3.4
97909,430,331,17,3/10/2023,11,1,8,0,0,0,0,0,0,0,Hume FC,Fitzroy FC,3,1,1,2023,3,10,4,2,1,0,0,W,L,0.571428571,1,2.714285714,5,2.857142857,1.285714286,0.6,1,1514.110841,1597.410602,0,1,1,2.8,4.6
97910,430,325,18,3/10/2023,11,1,8,0,0,0,0,0,0,0,Roxburgh Park Gorillas,Moreland Blues FC,10,2,0,2023,3,10,4,4,6,0,3,L,W,0.285714286,0.714285714,1.857142857,3.714285714,5,2.428571429,0.4,0.6,1455.306613,1541.042985,0,1,1,1.8,3.6
97911,430,22,20,3/10/2023,11,1,8,0,0,0,0,0,0,0,FC Carlton Heart,Western United FC,7,1,0,2023,3,10,4,3,4,0,0,L,W,0.285714286,0.142857143,3.714285714,3,4.571428571,4.285714286,0.4,0.2,1458.313592,1433.098811,1,0,1,4.6,3.6
97912,430,21,19,3/10/2023,11,1,8,0,0,0,0,0,0,0,Campbellfield FC,Altona Knights FC,9,1,0,2023,3,10,4,4,5,0,3,L,W,0.714285714,0.285714286,5.142857143,3.571428571,3.285714286,5,0.6,0.4,1543.234518,1457.482039,1,0,1,3.6,3.8
97913,430,18,19,3/17/2023,11,1,9,0,0,0,0,0,0,0,Moreland Blues FC,Altona Knights FC,12,6,1,2023,3,17,4,9,3,3,0,W,L,0.75,0.375,4,3.75,2.625,4.875,0.6,0.6,1553.172918,1477.352804,1,0,1,3.8,4.6
97914,430,22,331,3/17/2023,11,1,9,0,0,0,0,0,0,0,FC Carlton Heart,Hume FC,9,3,0,2023,3,17,4,3,6,0,3,L,W,0.25,0.625,3.625,2.625,4.5,2.625,0.4,0.6,1441.154443,1533.875085,0,1,1,4.2,2.6
97915,430,21,325,3/17/2023,11,1,9,0,0,0,0,0,0,0,Campbellfield FC,Roxburgh Park Gorillas,7,3,1,2023,3,17,4,5,2,3,0,W,L,0.625,0.25,5,2.125,3.5,5.125,0.6,0.2,1523.363752,1443.17668,1,0,1,3.8,2
97916,430,20,17,3/17/2023,11,1,9,0,0,0,0,0,0,0,Western United FC,Fitzroy FC,12,8,0,2023,3,17,4,2,10,0,3,L,W,0.25,0.875,3.125,4.5,4.125,1.375,0.4,0.8,1450.257961,1577.646358,0,1,1,4.2,4
97920,430,331,20,3/24/2023,11,1,10,0,0,0,0,0,0,0,Hume FC,Western United FC,4,2,1,2023,3,24,4,3,1,3,0,W,L,0.666666667,0.222222222,3,3,2.666666667,4.777777778,0.8,0.4,1545.703704,1439.874935,1,0,1,3.8,4.2
97919,430,18,21,3/24/2023,11,1,10,0,0,0,0,0,0,0,Moreland Blues FC,Campbellfield FC,7,3,1,2023,3,24,4,5,2,3,0,W,L,0.777777778,0.666666667,4.555555556,5,2.666666667,3.333333333,0.8,0.6,1565.735664,1535.735201,1,0,1,5.2,3.8
97918,430,17,22,3/24/2023,11,1,10,0,0,0,0,0,0,0,Fitzroy FC,FC Carlton Heart,8,6,1,2023,3,24,4,7,1,3,0,W,L,0.888888889,0.222222222,5.111111111,3.555555556,1.444444444,4.666666667,0.8,0.2,1588.029383,1429.325824,1,0,1,5.6,3
97917,430,325,19,3/24/2023,11,1,10,0,0,0,0,0,0,0,Roxburgh Park Gorillas,Altona Knights FC,7,5,1,2023,3,24,4,6,1,3,0,W,L,0.222222222,0.333333333,2.111111111,3.666666667,5.111111111,5.333333333,0.2,0.4,1430.805231,1464.790057,1,0,1,2.2,3.2
97921,430,325,17,3/31/2023,11,1,11,0,0,0,0,0,0,0,Roxburgh Park Gorillas,Fitzroy FC,10,10,0,2023,3,31,4,0,10,0,3,L,W,0.3,0.9,2.5,5.3,4.7,1.4,0.4,0.8,1448.365317,1597.190012,0,1,1,3.2,5.6
97922,430,19,22,3/31/2023,11,1,11,0,0,0,0,0,0,0,Altona Knights FC,FC Carlton Heart,7,1,0,2023,3,31,4,3,4,0,0,L,W,0.3,0.2,3.4,3.3,5.4,4.9,0.2,0,1447.229971,1420.165196,1,0,1,2.8,2.8
97923,430,18,331,3/31/2023,11,1,11,0,0,0,0,0,0,0,Moreland Blues FC,Hume FC,6,4,1,2023,3,31,4,5,1,3,0,W,L,0.8,0.7,4.6,3,2.6,2.5,0.8,1,1580.357516,1556.975443,0,1,1,5.4,3.8
97924,430,20,21,3/31/2023,11,1,11,0,0,0,0,0,0,0,Western United FC,Campbellfield FC,5,3,0,2023,3,31,4,1,4,0,3,L,W,0.2,0.6,2.8,4.7,4.6,3.5,0.4,0.6,1428.603196,1521.11335,0,1,1,4,4
97925,430,22,325,4/14/2023,11,1,12,0,0,0,0,0,0,0,FC Carlton Heart,Roxburgh Park Gorillas,7,3,0,2023,4,14,4,2,5,0,3,L,W,0.272727273,0.272727273,3.363636364,2.272727273,4.727272727,5.181818182,0.2,0.2,1437.40906,1438.828406,1,0,1,3,2.6
97926,430,20,18,4/14/2023,11,1,12,0,0,0,0,0,0,0,Western United FC,Moreland Blues FC,7,5,0,2023,4,14,4,1,6,0,3,L,W,0.181818182,0.818181818,2.636363636,4.636363636,4.545454545,2.454545455,0.2,0.8,1416.765541,1595.282354,0,1,1,2.2,5.6
97927,430,17,21,4/14/2023,11,1,12,0,0,0,0,0,0,0,Fitzroy FC,Campbellfield FC,7,1,1,2023,4,14,4,4,3,3,0,W,L,0.909090909,0.636363636,5.727272727,4.636363636,1.272727273,3.272727273,0.8,0.6,1606.726923,1532.951005,1,0,1,6.4,4
97928,430,331,19,4/14/2023,11,1,12,0,0,0,0,0,0,0,Hume FC,Altona Knights FC,4,2,1,2023,4,14,4,3,1,3,0,W,L,0.636363636,0.272727273,2.818181818,3.363636364,2.727272727,5.272727273,0.8,0.2,1542.050605,1429.986107,0,1,1,3.4,3.4
97931,430,17,19,4/21/2023,11,1,13,0,0,0,0,0,0,0,Fitzroy FC,Altona Knights FC,18,14,1,2023,4,21,4,16,2,3,0,W,L,0.916666667,0.25,5.583333333,3.166666667,1.416666667,5.083333333,0.8,0.2,1619.379576,1418.975044,1,0,1,6.4,2.6
97932,430,21,331,4/21/2023,11,1,13,0,0,0,0,0,0,0,Campbellfield FC,Hume FC,7,3,1,2023,4,21,4,5,2,3,0,W,L,0.583333333,0.666666667,4.5,2.833333333,3.333333333,2.583333333,0.4,0.8,1520.298351,1553.061667,1,0,1,3.6,3
97929,430,20,325,4/21/2023,11,1,13,0,0,0,0,0,0,0,Western United FC,Roxburgh Park Gorillas,5,3,0,2023,4,21,4,1,4,0,3,L,W,0.166666667,0.333333333,2.5,2.5,4.666666667,4.916666667,0.2,0.4,1408.33211,1454.763043,0,1,1,1.8,3.4
97930,430,22,18,4/21/2023,11,1,13,0,0,0,0,0,0,0,FC Carlton Heart,Moreland Blues FC,9,3,0,2023,4,21,4,3,6,0,3,L,W,0.25,0.833333333,3.25,4.75,4.75,2.333333333,0.2,1,1421.474423,1603.715785,0,1,1,2.6,6.2
97936,430,331,325,5/5/2023,11,1,14,0,0,0,0,0,0,0,Hume FC,Roxburgh Park Gorillas,9,3,1,2023,5,5,4,6,3,3,0,W,L,0.615384615,0.384615385,2.769230769,2.615384615,2.769230769,4.615384615,0.6,0.6,1535.557317,1468.637459,1,0,1,3,3.4
97933,430,19,20,5/5/2023,11,1,14,0,0,0,0,0,0,0,Altona Knights FC,Western United FC,7,1,1,2023,5,5,4,4,3,3,0,W,L,0.230769231,0.153846154,3.076923077,2.384615385,5.923076923,4.615384615,0,0,1411.30054,1394.457694,0,1,1,2,1.2
97934,430,22,21,5/5/2023,11,1,14,1,0,0,0,0,0,0,FC Carlton Heart,Campbellfield FC,5,1,1,2023,5,5,4,3,2,3,0,W,L,0.230769231,0.615384615,3.230769231,4.538461538,4.846153846,3.230769231,0.2,0.6,1413.173476,1537.802701,0,1,1,2.6,3.8
97937,430,20,22,5/12/2023,11,1,15,0,0,0,0,0,0,0,Western United FC,FC Carlton Heart,8,2,0,2023,5,12,4,3,5,0,3,L,W,0.142857143,0.285714286,2.428571429,3.214285714,4.571428571,4.642857143,0,0.4,1379.232729,1434.678737,1,1,2,1.4,2.6
97938,430,17,331,5/12/2023,11,1,15,0,0,0,0,0,0,0,Fitzroy FC,Hume FC,16,14,1,2023,5,12,4,15,1,3,0,W,L,0.923076923,0.642857143,6.384615385,3,1.461538462,2.785714286,1,0.6,1627.054081,1548.513097,1,1,2,9.4,3
97939,430,18,325,5/12/2023,11,1,15,0,0,0,0,0,0,0,Moreland Blues FC,Roxburgh Park Gorillas,6,6,1,2023,5,12,4,6,0,3,0,W,L,0.846153846,0.357142857,4.846153846,2.642857143,2.384615385,4.714285714,1,0.6,1612.016732,1455.681679,2,0,2,6.2,3.6
97940,430,19,21,5/12/2023,11,1,15,0,0,0,0,0,0,0,Altona Knights FC,Campbellfield FC,7,3,0,2023,5,12,4,2,5,0,3,L,W,0.285714286,0.571428571,3.142857143,4.357142857,5.714285714,3.214285714,0.2,0.4,1426.525505,1516.29744,1,1,2,2.2,3.2
97946,430,20,331,5/19/2023,11,1,17,0,0,0,0,0,0,0,Western United FC,Hume FC,7,1,1,2023,5,19,4,4,3,0,0,W,L,0.133333333,0.6,2.466666667,2.866666667,4.6,3.6,0,0.4,1365.764654,1536.069665,0,2,2,1.8,2.6
97948,430,21,18,5/19/2023,11,1,17,0,0,0,0,0,0,0,Campbellfield FC,Moreland Blues FC,8,6,1,2023,5,19,4,7,1,3,0,W,L,0.6,0.857142857,4.4,4.928571429,3.133333333,2.214285714,0.6,1,1528.2529,1621.266763,0,2,2,3.8,5.6
97947,430,19,325,5/19/2023,11,1,17,0,0,0,0,0,0,0,Altona Knights FC,Roxburgh Park Gorillas,7,3,1,2023,5,19,4,5,2,3,0,W,L,0.266666667,0.333333333,3.066666667,2.466666667,5.666666667,4.8,0.2,0.4,1414.570046,1446.431648,0,2,2,2.4,2.4
97945,430,22,17,5/19/2023,11,1,17,0,0,0,0,0,0,0,FC Carlton Heart,Fitzroy FC,7,3,0,2023,5,19,4,2,5,0,3,L,W,0.333333333,0.928571429,3.333333333,7,4.533333333,1.428571429,0.6,1,1448.146812,1639.497513,0,2,2,3.4,10.4
97935,430,18,17,5/21/2023,11,1,14,0,0,0,0,0,0,0,Moreland Blues FC,Fitzroy FC,5,3,0,2023,5,21,6,1,4,0,3,L,W,0.8,0.933333333,4.666666667,6.866666667,2.533333333,1.466666667,0.8,1,1601.082799,1647.48018,0,1,1,4.8,10
97943,430,17,20,5/23/2023,11,1,16,0,0,0,0,0,0,0,Fitzroy FC,Western United FC,8,6,1,2023,5,23,1,7,1,3,0,W,L,0.9375,0.1875,6.6875,2.5625,1.4375,4.5,1,0.2,1661.356113,1389.034368,2,0,2,8.8,2.4
97942,430,325,21,5/23/2023,11,1,16,0,0,0,0,0,0,0,Roxburgh Park Gorillas,Campbellfield FC,14,6,0,2023,5,23,1,4,10,0,3,L,W,0.3125,0.625,2.4375,4.5625,4.8125,3,0.4,0.6,1428.968466,1548.436864,0,2,2,2.8,4.4
97941,430,19,18,5/23/2023,11,1,16,0,0,0,0,0,0,0,Altona Knights FC,Moreland Blues FC,11,3,1,2023,5,23,1,7,4,3,0,W,L,0.3125,0.75,3.1875,4.4375,5.4375,2.625,0.4,0.6,1432.033227,1587.206865,0,2,2,2.8,4
97944,430,331,22,5/23/2023,11,1,16,0,0,0,0,0,0,0,Hume FC,FC Carlton Heart,2,2,0,2023,5,23,1,0,2,0,3,L,W,0.5625,0.3125,2.875,3.25,3.625,4.5625,0.4,0.4,1512.799951,1440.164145,2,0,2,3,3
97949,430,21,20,5/26/2023,11,1,18,0,0,0,0,0,0,0,Campbellfield FC,Western United FC,9,1,0,2023,5,26,4,4,5,0,3,L,W,0.647058824,0.176470588,4.882352941,2.470588235,3.058823529,4.647058824,0.8,0.2,1559.142191,1383.512532,2,0,2,5.8,2.4
97950,430,17,325,5/26/2023,11,1,18,0,0,0,0,0,0,0,Fitzroy FC,Roxburgh Park Gorillas,5,3,1,2023,5,26,4,4,1,3,0,W,L,0.941176471,0.294117647,6.705882353,2.529411765,1.411764706,5.117647059,1,0.2,1666.877949,1418.263139,2,0,2,9.4,2.6
97951,430,22,19,5/26/2023,11,1,18,0,0,0,0,0,0,0,FC Carlton Heart,Altona Knights FC,7,1,0,2023,5,26,4,3,4,0,0,L,W,0.352941176,0.352941176,3.176470588,3.411764706,4.294117647,5.352941176,0.6,0.6,1459.461251,1454.739168,1,1,2,3,4
97952,430,331,18,5/26/2023,11,1,18,0,0,0,0,0,0,0,Hume FC,Moreland Blues FC,8,4,0,2023,5,26,4,2,6,0,3,L,W,0.529411765,0.705882353,2.705882353,4.411764706,3.529411765,2.882352941,0.2,0.4,1493.502845,1564.500924,1,1,2,2.4,3.6
97956,430,18,20,6/2/2023,11,1,19,0,0,0,0,0,0,0,Moreland Blues FC,Western United FC,5,1,1,2023,6,2,4,3,2,3,0,W,L,0.722222222,0.222222222,4.5,2.611111111,2.833333333,4.611111111,0.4,0.4,1577.276105,1406.975472,2,0,2,3.6,3.2
97953,430,325,22,6/2/2023,11,1,19,0,0,0,0,0,0,0,Roxburgh Park Gorillas,FC Carlton Heart,8,2,1,2023,6,2,4,5,3,3,0,W,L,0.277777778,0.333333333,2.444444444,3.166666667,5.055555556,4.277777778,0,0.6,1412.089672,1443.243804,1,1,2,2,3
97954,430,19,331,6/2/2023,11,1,19,0,0,0,0,0,0,0,Altona Knights FC,Hume FC,7,1,1,2023,6,2,4,4,3,0,0,W,L,0.388888889,0.5,3.444444444,2.666666667,5.222222222,3.666666667,0.8,0.2,1470.956615,1480.727664,1,1,2,4.4,2.4
97955,430,21,17,6/2/2023,11,1,19,0,0,0,0,0,0,0,Campbellfield FC,Fitzroy FC,5,1,0,2023,6,2,4,2,3,0,3,L,W,0.611111111,0.944444444,4.833333333,6.555555556,3.166666667,1.388888889,0.6,1,1535.679251,1673.051416,0,2,2,5.6,7
97959,430,19,17,6/9/2023,11,1,20,0,0,0,0,0,0,0,Altona Knights FC,Fitzroy FC,17,13,0,2023,6,9,4,2,15,0,3,L,W,0.421052632,0.947368421,3.473684211,6.368421053,5.105263158,1.421052632,0.8,1,1487.40647,1683.03547,0,2,2,4.4,4.6
97960,430,331,21,6/9/2023,11,1,20,0,0,0,0,0,0,0,Hume FC,Campbellfield FC,11,7,0,2023,6,9,4,2,9,0,3,L,W,0.473684211,0.578947368,2.684210526,4.684210526,3.684210526,3.157894737,0,0.6,1464.277809,1525.695196,0,2,2,1.8,5.6
97957,430,325,20,6/9/2023,11,1,20,0,0,0,0,0,0,0,Roxburgh Park Gorillas,Western United FC,13,1,1,2023,6,9,4,7,6,0,0,W,L,0.315789474,0.210526316,2.578947368,2.578947368,4.947368421,4.526315789,0.2,0.4,1429.52054,1398.245026,2,0,2,2.4,3
97958,430,18,22,6/9/2023,11,1,20,0,0,0,0,0,0,0,Moreland Blues FC,FC Carlton Heart,11,7,1,2023,6,9,4,9,2,3,0,W,L,0.736842105,0.315789474,4.421052632,3.157894737,2.789473684,4.315789474,0.4,0.4,1586.006552,1425.812936,2,0,2,3,3
97961,430,20,19,6/16/2023,11,1,21,0,0,0,0,0,0,0,Western United FC,Altona Knights FC,9,1,1,2023,6,16,4,5,4,0,0,W,L,0.2,0.4,2.75,3.4,4.65,5.6,0.4,0.8,1383.681439,1479.570444,1,1,2,3.6,4.4
97962,430,21,22,6/16/2023,11,1,21,0,0,0,0,0,0,0,Campbellfield FC,FC Carlton Heart,16,6,1,2023,6,16,4,11,5,3,0,W,L,0.6,0.3,4.9,3.1,3.1,4.55,0.6,0.2,1538.895919,1416.708287,1,1,2,6.4,2.4
97963,430,17,18,6/16/2023,11,1,21,0,0,0,0,0,0,0,Fitzroy FC,Moreland Blues FC,7,1,1,2023,6,16,4,4,3,0,0,W,L,0.95,0.75,6.8,4.65,1.45,2.75,1,0.6,1690.871496,1595.111202,2,0,2,6.6,4.6
97964,430,325,331,6/16/2023,11,1,21,0,0,0,0,0,0,0,Roxburgh Park Gorillas,Hume FC,7,1,0,2023,6,16,4,3,4,0,3,L,W,0.35,0.45,2.8,2.65,5,3.95,0.4,0,1444.084127,1451.077087,0,2,2,3.8,2
123999,527,322,17,7/21/2023,11,1,1,0,0,0,0,0,0,0,Metropolitan FC,Fitzroy FC,11,7,0,2023,7,21,4,2,9,0,3,L,W,0,0.952380952,0,6.666666667,0,1.523809524,0,1,1500,1702.569948,0,0,0,0,6.6
124000,527,22,19,7/21/2023,11,1,1,0,0,0,0,0,0,0,FC Carlton Heart,Altona Knights FC,7,5,0,2023,7,21,4,1,6,0,3,L,W,0.285714286,0.380952381,3.19047619,3.428571429,4.857142857,5.571428571,0.2,0.6,1406.114181,1459.263398,1,2,3,3,4.2
124001,527,21,331,7/21/2023,11,1,1,0,0,0,0,0,0,0,Campbellfield FC,Hume FC,10,4,1,2023,7,21,4,7,3,3,0,W,L,0.619047619,0.476190476,5.19047619,2.714285714,3.19047619,3.904761905,0.6,0.2,1549.490024,1466.755093,3,0,3,7.2,2.2
124002,527,18,325,7/21/2023,11,1,1,0,0,0,0,0,0,0,Moreland Blues FC,Roxburgh Park Gorillas,11,9,1,2023,7,21,4,10,1,3,0,W,L,0.714285714,0.333333333,4.571428571,2.80952381,2.80952381,4.952380952,0.6,0.4,1583.412749,1428.406121,3,0,3,5,4
124005,527,325,21,7/28/2023,11,1,2,0,0,0,0,0,0,0,Roxburgh Park Gorillas,Campbellfield FC,11,5,0,2023,7,28,4,3,8,0,3,L,W,0.318181818,0.636363636,2.727272727,5.272727273,5.181818182,3.181818182,0.4,0.6,1419.105721,1561.750361,0,3,3,3.4,6.6
124006,527,331,22,7/28/2023,11,1,2,0,0,0,0,0,0,0,Hume FC,FC Carlton Heart,11,3,1,2023,7,28,4,7,4,3,0,W,L,0.454545455,0.272727273,2.727272727,3.090909091,4.045454545,4.909090909,0.2,0,1454.494756,1392.542877,2,1,3,2.8,2.8
124003,527,18,322,7/28/2023,11,1,2,0,0,0,0,0,0,0,Moreland Blues FC,Metropolitan FC,18,14,1,2023,7,28,4,16,2,3,0,W,L,0.727272727,0,4.818181818,2,2.727272727,9,0.8,0,1592.713149,1492.39798,0,0,0,6.2,2
124004,527,17,19,7/28/2023,11,1,2,0,0,0,0,0,0,0,Fitzroy FC,Altona Knights FC,10,6,1,2023,7,28,4,8,2,3,0,W,L,0.954545455,0.409090909,6.772727273,3.545454545,1.545454545,5.363636364,1,0.6,1710.171968,1472.834702,3,0,3,7,4
124007,527,18,19,8/4/2023,11,1,3,0,0,0,0,0,0,0,Moreland Blues FC,Altona Knights FC,8,8,1,2023,8,4,4,8,0,3,0,W,L,0.739130435,0.391304348,5.304347826,3.47826087,2.695652174,5.47826087,0.8,0.4,1604.217698,1466.331318,2,1,3,8.2,3.6
124008,527,22,322,8/4/2023,11,1,3,0,0,0,0,0,0,0,FC Carlton Heart,Metropolitan FC,9,3,0,2023,8,4,4,3,6,0,3,L,W,0.260869565,0,3.130434783,2,5,12.5,0,0,1379.366009,1480.893432,0,0,0,3,2
124009,527,21,17,8/4/2023,11,1,3,0,0,0,0,0,0,0,Campbellfield FC,Fitzroy FC,3,1,1,2023,8,4,4,2,1,0,0,W,L,0.652173913,0.956521739,5.391304348,6.826086957,3.173913043,1.565217391,0.8,1,1571.527134,1716.675352,0,3,3,7.4,7.8
124010,527,325,331,8/4/2023,11,1,3,0,0,0,0,0,0,0,Roxburgh Park Gorillas,Hume FC,6,4,0,2023,8,4,4,1,5,0,3,L,W,0.304347826,0.47826087,2.739130435,2.913043478,5.304347826,4.043478261,0.4,0.4,1409.328949,1467.671624,0,3,3,3.8,3.8
124011,527,331,19,8/11/2023,11,1,4,0,0,0,0,0,0,0,Hume FC,Altona Knights FC,3,3,0,2023,8,11,4,0,3,0,3,L,W,0.5,0.375,3,3.333333333,3.916666667,5.583333333,0.6,0.2,1481.009817,1456.367585,1,2,3,4.2,2.8
124012,527,325,17,8/11/2023,11,1,4,0,0,0,0,0,0,0,Roxburgh Park Gorillas,Fitzroy FC,15,15,0,2023,8,11,4,0,15,0,3,L,W,0.291666667,0.916666667,2.666666667,6.583333333,5.291666667,1.583333333,0.2,0.8,1395.990755,1694.354548,0,3,3,3,7.4
124013,527,18,22,8/11/2023,11,1,4,0,0,0,0,0,0,0,Moreland Blues FC,FC Carlton Heart,6,2,1,2023,8,11,4,4,2,3,0,W,L,0.75,0.25,5.416666667,3.125,2.583333333,5.041666667,0.8,0,1614.181431,1367.91283,3,0,3,9.2,3
124014,527,21,322,8/11/2023,11,1,4,0,0,0,0,0,0,0,Campbellfield FC,Metropolitan FC,13,7,1,2023,8,11,4,10,3,3,0,W,L,0.666666667,0.333333333,5.25,3.333333333,3.083333333,9.333333333,1,0.333333333,1593.847938,1492.346611,0,0,0,7.4,3.333333333
124015,527,322,19,8/18/2023,11,1,5,0,0,0,0,0,0,0,Metropolitan FC,Altona Knights FC,11,3,0,2023,8,18,4,4,7,0,3,L,W,0.25,0.4,3.25,3.32,9.5,5.36,0.25,0.4,1480.892327,1473.500503,0,0,0,3.25,3
124016,527,331,17,8/18/2023,11,1,5,0,0,0,0,0,0,0,Hume FC,Fitzroy FC,7,1,0,2023,8,18,4,3,4,0,3,L,W,0.48,0.92,2.88,6.92,3.88,1.52,0.6,0.8,1463.876899,1699.224656,1,2,3,3.8,7.4
124017,527,21,18,8/18/2023,11,1,5,0,0,0,0,0,0,0,Campbellfield FC,Moreland Blues FC,12,6,0,2023,8,18,4,3,9,0,3,L,W,0.68,0.76,5.44,5.36,3.08,2.56,1,0.8,1605.302222,1620.422469,1,2,3,7.6,8.2
124018,527,22,325,8/18/2023,11,1,5,0,0,0,0,0,0,0,FC Carlton Heart,Roxburgh Park Gorillas,9,1,1,2023,8,18,4,5,4,3,0,W,L,0.24,0.28,3.08,2.56,5,5.68,0,0,1361.671791,1391.120647,1,2,3,3,1.6
124022,527,19,21,8/25/2023,11,1,6,0,0,0,0,0,0,0,Altona Knights FC,Campbellfield FC,11,7,0,2023,8,25,4,2,9,0,3,L,W,0.423076923,0.653846154,3.461538462,5.346153846,5.307692308,3.307692308,0.6,0.8,1489.840857,1589.998096,1,2,3,3.6,6
124021,527,331,18,8/25/2023,11,1,6,0,0,0,0,0,0,0,Hume FC,Moreland Blues FC,6,4,0,2023,8,25,4,1,5,0,3,L,W,0.461538462,0.769230769,2.884615385,5.5,3.884615385,2.576923077,0.4,1,1457.31397,1635.726595,1,2,3,3.6,9.4
124020,527,17,22,8/25/2023,11,1,6,0,0,0,0,0,0,0,Fitzroy FC,FC Carlton Heart,8,8,1,2023,8,25,4,8,0,3,0,W,L,0.923076923,0.269230769,6.807692308,3.153846154,1.576923077,4.961538462,0.8,0.2,1705.787585,1379.024723,3,0,3,7.4,3
124019,527,325,322,8/25/2023,11,1,6,0,0,0,0,0,0,0,Roxburgh Park Gorillas,Metropolitan FC,15,1,0,2023,8,25,4,7,8,0,0,L,W,0.269230769,0.2,2.615384615,3.4,5.653846154,9,0,0.2,1373.767716,1464.551972,0,0,0,1.8,3.4
124023,527,19,325,9/1/2023,11,1,7,0,0,0,0,0,0,0,Altona Knights FC,Roxburgh Park Gorillas,5,1,0,2023,9,1,4,2,3,0,3,L,W,0.407407407,0.259259259,3.407407407,2.777777778,5.444444444,5.740740741,0.4,0,1478.329609,1361.855864,1,2,3,2.8,3
124024,527,22,21,9/1/2023,11,1,7,0,0,0,0,0,0,0,FC Carlton Heart,Campbellfield FC,8,6,0,2023,9,1,4,1,7,0,3,L,W,0.259259259,0.666666667,3.037037037,5.481481481,5.074074074,3.259259259,0.2,0.8,1374.791947,1601.509344,1,2,3,2.8,6.4
124025,527,17,18,9/1/2023,11,1,7,0,0,0,0,0,0,0,Fitzroy FC,Moreland Blues FC,7,5,1,2023,9,1,4,6,1,3,0,W,L,0.925925926,0.777777778,6.851851852,5.481481481,1.518518519,2.518518519,0.8,1,1710.020361,1644.163752,3,0,3,7.2,8.4
124026,527,322,331,9/1/2023,11,1,7,0,0,0,0,0,0,0,Metropolitan FC,Hume FC,13,7,0,2023,9,1,4,3,10,0,3,L,W,0.333333333,0.444444444,4.166666667,2.814814815,8.666666667,3.925925926,0.4,0.4,1476.463824,1448.876813,0,0,0,4.6,3.2
124027,527,325,18,9/8/2023,11,1,8,0,0,0,0,0,0,0,Roxburgh Park Gorillas,Moreland Blues FC,13,11,0,2023,9,8,4,1,12,0,3,L,W,0.285714286,0.75,2.785714286,5.321428571,5.607142857,2.642857143,0.2,0.8,1383.027382,1631.160753,0,4,4,3,5.4
124028,527,19,22,9/8/2023,11,1,8,0,0,0,0,0,0,0,Altona Knights FC,FC Carlton Heart,9,1,1,2023,9,8,4,5,4,0,0,W,L,0.392857143,0.25,3.357142857,2.964285714,5.357142857,5.142857143,0.4,0.2,1457.158092,1367.96604,3,1,4,2.8,2.2
124029,527,331,21,9/8/2023,11,1,8,0,0,0,0,0,0,0,Hume FC,Campbellfield FC,3,1,1,2023,9,8,4,2,1,3,0,W,L,0.464285714,0.678571429,3.071428571,5.535714286,3.892857143,3.178571429,0.4,0.8,1466.144579,1608.335251,0,4,4,3.8,6.2
124030,527,17,322,9/8/2023,11,1,8,0,0,0,0,0,0,0,Fitzroy FC,Metropolitan FC,15,5,1,2023,9,8,4,10,5,3,0,W,L,0.928571429,0.285714286,6.821428571,4,1.5,8.857142857,0.8,0.4,1723.02336,1459.196058,1,0,1,6.8,4.8
124034,527,21,325,9/15/2023,11,1,9,0,0,0,0,0,0,0,Campbellfield FC,Roxburgh Park Gorillas,9,1,1,2023,9,15,4,5,4,3,0,W,L,0.655172414,0.275862069,5.379310345,2.724137931,3.137931034,5.827586207,0.6,0.2,1586.129776,1376.840095,4,0,4,6,3
124033,527,22,331,9/15/2023,11,1,9,0,0,0,0,0,0,0,FC Carlton Heart,Hume FC,3,3,0,2023,9,15,4,0,3,0,3,L,W,0.24137931,0.482758621,3,3.034482759,5.137931034,3.793103448,0.2,0.4,1355.985572,1488.350054,1,3,4,2.4,3.2
124032,527,19,17,9/15/2023,11,1,9,0,0,0,0,0,0,0,Altona Knights FC,Fitzroy FC,8,4,0,2023,9,15,4,2,6,0,3,L,W,0.413793103,0.931034483,3.413793103,6.931034483,5.310344828,1.620689655,0.6,1,1469.13856,1728.7722,0,4,4,3.8,8.6
124031,527,322,18,9/15/2023,11,1,9,0,0,0,0,0,0,0,Metropolitan FC,Moreland Blues FC,12,8,0,2023,9,15,4,2,10,0,3,L,W,0.25,0.75862069,4.125,5.551724138,9,2.586206897,0.2,0.8,1453.447218,1637.34804,0,1,1,4.6,6.2
124035,527,19,18,9/22/2023,11,1,10,0,0,0,0,0,0,0,Altona Knights FC,Moreland Blues FC,9,5,0,2023,9,22,4,2,7,0,3,L,W,0.4,0.766666667,3.366666667,5.7,5.333333333,2.566666667,0.4,0.8,1463.27499,1645.590395,1,3,4,3.6,7.4
124036,527,331,325,9/22/2023,11,1,10,0,0,0,0,0,0,0,Hume FC,Roxburgh Park Gorillas,11,1,0,2023,9,22,4,5,6,0,3,L,W,0.5,0.266666667,3.033333333,2.766666667,3.666666667,5.8,0.6,0.2,1498.533183,1369.459997,4,0,4,3.8,3.8
124037,527,17,21,9/22/2023,11,1,10,0,0,0,0,0,0,0,Fitzroy FC,Campbellfield FC,5,3,1,2023,9,22,4,4,1,3,0,W,L,0.933333333,0.666666667,6.9,5.366666667,1.633333333,3.166666667,1,0.6,1734.635771,1593.509874,3,1,4,6.8,5
124038,527,322,22,9/22/2023,11,1,10,0,0,0,0,0,0,0,Metropolitan FC,FC Carlton Heart,14,8,1,2023,9,22,4,11,3,3,0,W,L,0.222222222,0.233333333,3.888888889,2.9,9.111111111,5.066666667,0.2,0.2,1445.204863,1345.802443,1,0,1,4.4,2
124039,527,22,18,9/29/2023,11,1,11,0,0,0,0,0,0,0,FC Carlton Heart,Moreland Blues FC,8,4,0,2023,9,29,4,2,6,0,3,L,W,0.225806452,0.774193548,2.903225806,5.741935484,5.258064516,2.548387097,0,0.8,1334.259151,1653.888721,0,4,4,1.6,7
124040,527,19,331,9/29/2023,11,1,11,0,0,0,0,0,0,0,Altona Knights FC,Hume FC,10,2,0,2023,9,29,4,4,6,0,3,L,W,0.387096774,0.483870968,3.322580645,3.096774194,5.387096774,3.741935484,0.2,0.6,1454.976664,1476.848299,3,1,4,2.6,4.2
124041,527,325,17,9/29/2023,11,1,11,0,0,0,0,0,0,0,Roxburgh Park Gorillas,Fitzroy FC,7,3,0,2023,9,29,4,2,5,0,3,L,W,0.290322581,0.935483871,2.870967742,6.806451613,5.774193548,1.612903226,0.4,1,1391.144881,1744.472004,0,4,4,4.2,6.8
124042,527,322,21,9/29/2023,11,1,11,0,0,0,0,0,0,0,Metropolitan FC,Campbellfield FC,12,4,0,2023,9,29,4,4,8,0,3,L,W,0.3,0.64516129,4.6,5.225806452,8.5,3.193548387,0.4,0.6,1456.748155,1583.67364,0,1,1,5.8,4.6
124045,527,18,21,10/6/2023,11,1,12,0,0,0,0,0,0,0,Moreland Blues FC,Campbellfield FC,6,2,1,2023,10,6,4,4,2,3,0,W,L,0.78125,0.65625,5.75,5.3125,2.53125,3.21875,0.8,0.6,1658.274606,1594.075365,3,1,4,7.2,4.4
124046,527,325,22,10/6/2023,11,1,12,0,0,0,0,0,0,0,Roxburgh Park Gorillas,FC Carlton Heart,3,3,0,2023,10,6,4,0,3,0,3,L,W,0.28125,0.21875,2.84375,2.875,5.75,5.28125,0.4,0,1387.442869,1329.873266,2,2,4,3.2,2
124043,527,19,322,10/6/2023,11,1,12,0,0,0,0,0,0,0,Altona Knights FC,Metropolitan FC,12,4,1,2023,10,6,4,8,4,3,0,W,L,0.375,0.272727273,3.34375,4.545454545,5.40625,8.454545455,0.2,0.2,1439.982561,1446.34643,1,0,1,3,5
124044,527,17,331,10/6/2023,11,1,12,0,0,0,0,0,0,0,Fitzroy FC,Hume FC,8,6,1,2023,10,6,4,7,1,3,0,W,L,0.9375,0.5,6.75,3.1875,1.625,3.75,1,0.8,1748.174016,1491.842402,3,1,4,6.2,5.2
124047,527,322,325,10/13/2023,11,1,13,0,0,0,0,0,0,0,Metropolitan FC,Roxburgh Park Gorillas,12,4,1,2023,10,13,4,8,4,3,0,W,L,0.25,0.272727273,4.5,2.757575758,8.416666667,5.666666667,0.2,0.2,1430.053396,1368.815691,1,0,1,5.2,2.6
124048,527,22,17,10/13/2023,11,1,13,0,0,0,0,0,0,0,FC Carlton Heart,Fitzroy FC,12,4,0,2023,10,13,4,4,8,0,3,L,W,0.242424242,0.939393939,2.878787879,6.757575758,5.121212121,1.606060606,0.2,1,1348.500444,1754.129167,0,4,4,2.4,6.4
124049,527,18,331,10/13/2023,11,1,13,0,0,0,0,0,0,0,Moreland Blues FC,Hume FC,8,4,1,2023,10,13,4,6,2,3,0,W,L,0.787878788,0.484848485,5.696969697,3.121212121,2.515151515,3.848484848,1,0.6,1671.351317,1485.88725,3,1,4,7.8,3.4
124050,527,21,19,10/13/2023,11,1,13,0,0,0,0,0,0,0,Campbellfield FC,Altona Knights FC,13,3,1,2023,10,13,4,8,5,3,0,W,L,0.636363636,0.393939394,5.212121212,3.484848485,3.242424242,5.363636364,0.4,0.4,1580.998654,1456.275596,3,1,4,3.4,4.2
124051,527,21,22,10/20/2023,11,1,14,0,0,0,0,0,0,0,Campbellfield FC,FC Carlton Heart,9,1,0,2023,10,20,4,4,5,0,3,L,W,0.647058824,0.235294118,5.294117647,2.911764706,3.294117647,5.205882353,0.6,0.2,1591.489584,1345.675915,3,1,4,4.8,2.4
124052,527,325,19,10/20/2023,11,1,14,0,0,0,0,0,0,0,Roxburgh Park Gorillas,Altona Knights FC,12,6,0,2023,10,20,4,3,9,0,3,L,W,0.264705882,0.382352941,2.794117647,3.529411765,5.735294118,5.441176471,0.2,0.2,1355.606947,1445.784666,3,1,4,3.2,4.2
124053,527,17,18,10/20/2023,11,1,14,0,0,0,0,0,0,0,Fitzroy FC,Moreland Blues FC,5,3,1,2023,10,20,4,4,1,3,0,W,L,0.941176471,0.794117647,6.794117647,5.705882353,1.676470588,2.5,1,1,1756.953696,1679.538726,4,0,4,6,6.6
124054,527,331,322,10/20/2023,11,1,14,0,0,0,0,0,0,0,Hume FC,Metropolitan FC,12,4,1,2023,10,20,4,8,4,3,0,W,L,0.470588235,0.307692308,3.088235294,4.769230769,3.911764706,8.076923077,0.4,0.4,1477.699841,1443.26214,1,0,1,3.4,5.8
124057,527,22,19,10/27/2023,11,1,15,0,0,0,0,0,0,0,FC Carlton Heart,Altona Knights FC,7,5,1,2023,10,27,4,6,1,3,0,W,L,0.257142857,0.4,2.971428571,3.685714286,5.171428571,5.371428571,0.4,0.4,1371.42171,1457.722637,1,4,5,3.4,5.6
124058,527,322,17,10/27/2023,11,1,15,0,0,0,0,0,0,0,Metropolitan FC,Fitzroy FC,22,12,0,2023,10,27,4,5,17,0,3,L,W,0.285714286,0.942857143,4.714285714,6.714285714,8.071428571,1.657142857,0.4,1,1428.842882,1769.446456,0,2,2,6.2,5.6
124055,527,18,325,10/27/2023,11,1,15,0,0,0,0,0,0,0,Moreland Blues FC,Roxburgh Park Gorillas,12,12,1,2023,10,27,4,12,0,3,0,W,L,0.771428571,0.257142857,5.571428571,2.8,2.542857143,5.828571429,0.8,0.2,1667.045966,1343.668975,5,0,5,4.8,3
124056,527,21,331,10/27/2023,11,1,15,0,0,0,0,0,0,0,Campbellfield FC,Hume FC,7,1,1,2023,10,27,4,4,3,0,0,W,L,0.628571429,0.485714286,5.257142857,3.228571429,3.342857143,3.914285714,0.4,0.4,1565.743789,1492.1191,4,1,5,4.6,4.4
124059,527,17,19,11/3/2023,11,1,16,0,0,0,0,0,0,0,Fitzroy FC,Altona Knights FC,8,4,1,2023,11,3,4,6,2,3,0,W,L,0.944444444,0.388888889,7,3.611111111,1.75,5.388888889,1,0.4,1773.395076,1437.828102,5,0,5,8.2,5.4
124060,527,331,22,11/3/2023,11,1,16,0,0,0,0,0,0,0,Hume FC,FC Carlton Heart,9,1,1,2023,11,3,4,5,4,3,0,W,L,0.472222222,0.277777778,3.222222222,3.055555556,3.916666667,5.055555556,0.4,0.6,1479.459786,1391.316245,4,1,5,4,4
124061,527,325,21,11/3/2023,11,1,16,0,0,0,0,0,0,0,Roxburgh Park Gorillas,Campbellfield FC,12,6,0,2023,11,3,4,3,9,0,3,L,W,0.25,0.638888889,2.722222222,5.222222222,6,3.333333333,0,0.6,1339.364097,1578.403103,0,5,5,1.8,5.2
124062,527,18,322,11/3/2023,11,1,16,0,0,0,0,0,0,0,Moreland Blues FC,Metropolitan FC,20,14,1,2023,11,3,4,17,3,3,0,W,L,0.777777778,0.266666667,5.75,4.733333333,2.472222222,8.666666667,0.8,0.2,1671.350843,1424.894262,2,0,2,5.8,5
124063,527,22,322,11/10/2023,11,1,17,0,0,0,0,0,0,0,FC Carlton Heart,Metropolitan FC,13,7,1,2023,11,10,4,10,3,3,0,W,L,0.27027027,0.25,3.081081081,4.625,5.054054054,9.1875,0.6,0.2,1379.290504,1418.658658,0,2,2,4.4,4.8
124064,527,325,331,11/10/2023,11,1,17,0,0,0,0,0,0,0,Roxburgh Park Gorillas,Hume FC,7,1,0,2023,11,10,4,3,4,0,0,L,W,0.243243243,0.486486486,2.72972973,3.27027027,6.081081081,3.918918919,0,0.4,1332.911326,1491.485527,1,4,5,2,3.8
124065,527,21,17,11/10/2023,11,1,17,0,0,0,0,0,0,0,Campbellfield FC,Fitzroy FC,6,2,0,2023,11,10,4,2,4,0,3,L,W,0.648648649,0.945945946,5.324324324,6.972972973,3.324324324,1.756756757,0.6,1,1584.855874,1777.445152,1,4,5,5.4,8.4
124066,527,18,19,11/10/2023,11,1,17,0,0,0,0,0,0,0,Moreland Blues FC,Altona Knights FC,11,7,1,2023,11,10,4,9,2,3,0,W,L,0.783783784,0.378378378,6.054054054,3.567567568,2.486486486,5.405405405,0.8,0.4,1677.586447,1433.778026,4,1,5,8,5
124067,527,325,17,11/17/2023,11,1,18,0,0,0,0,0,0,0,Roxburgh Park Gorillas,Fitzroy FC,20,16,0,2023,11,17,4,2,18,0,3,L,W,0.236842105,0.947368421,2.736842105,6.894736842,6.026315789,1.763157895,0,1,1323.745828,1785.385179,0,5,5,2.6,7.8
124068,527,331,19,11/17/2023,11,1,18,0,0,0,0,0,0,0,Hume FC,Altona Knights FC,9,1,1,2023,11,17,4,5,4,0,0,W,L,0.5,0.368421053,3.289473684,3.526315789,3.894736842,5.5,0.6,0.2,1500.651025,1427.465533,2,3,5,4.4,3.8
124069,527,21,322,11/17/2023,11,1,18,0,0,0,0,0,0,0,Campbellfield FC,Metropolitan FC,17,3,1,2023,11,17,4,10,7,3,0,W,L,0.631578947,0.235294118,5.236842105,4.529411765,3.342105263,9.235294118,0.6,0.2,1576.915848,1400.853407,2,0,2,5.4,4.6
124074,527,22,325,11/24/2023,11,1,19,0,0,0,0,0,0,0,FC Carlton Heart,Roxburgh Park Gorillas,13,1,1,2023,11,24,4,7,6,3,0,W,L,0.289473684,0.230769231,3.263157895,2.717948718,5,6.333333333,0.6,0,1397.095755,1321.648747,3,2,5,5.8,2.2
124072,527,331,17,11/24/2023,11,1,19,0,0,0,0,0,0,0,Hume FC,Fitzroy FC,3,1,0,2023,11,24,4,1,2,0,3,L,W,0.512820513,0.948717949,3.333333333,7.179487179,3.897435897,1.769230769,0.8,1,1513.329687,1787.48226,1,4,5,5,9.8
124073,527,21,18,11/24/2023,11,1,19,0,0,0,0,0,0,0,Campbellfield FC,Moreland Blues FC,9,5,0,2023,11,24,4,2,7,0,3,L,W,0.641025641,0.789473684,5.358974359,6.131578947,3.435897436,2.473684211,0.6,0.8,1585.437322,1683.89894,1,4,5,5.8,9
124071,527,322,19,11/24/2023,11,1,19,0,0,0,0,0,0,0,Metropolitan FC,Altona Knights FC,12,2,0,2023,11,24,4,5,7,0,3,L,W,0.222222222,0.358974359,4.666666667,3.538461538,9.277777778,5.487179487,0,0.2,1392.331933,1414.78687,0,2,2,4.4,3.6
124070,527,18,22,11/28/2023,11,1,18,0,0,0,0,0,0,0,Moreland Blues FC,FC Carlton Heart,9,1,0,2023,11,28,1,4,5,0,3,L,W,0.794871795,0.307692308,6.153846154,3.358974359,2.461538462,5.025641026,0.8,0.8,1695.482227,1409.674895,5,0,5,9.2,6.4
124075,527,17,22,12/1/2023,11,1,20,0,0,0,0,0,0,0,Fitzroy FC,FC Carlton Heart,10,6,1,2023,12,1,4,8,2,3,0,W,L,0.95,0.325,7.05,3.4,1.75,5,1,0.8,1792.956109,1436.498786,5,0,5,9.4,6.4
124076,527,325,322,12/1/2023,11,1,20,0,0,0,0,0,0,0,Roxburgh Park Gorillas,Metropolitan FC,11,1,1,2023,12,1,4,6,5,3,0,W,L,0.225,0.210526316,2.8,4.684210526,6.35,9.157894737,0,0,1309.069608,1377.364584,0,2,2,2.8,4.6
124077,527,331,18,12/1/2023,11,1,20,0,0,0,0,0,0,0,Hume FC,Moreland Blues FC,7,5,0,2023,12,1,4,1,6,0,3,L,W,0.5,0.775,3.275,6.1,3.85,2.525,0.6,0.8,1507.855839,1668.658336,1,4,5,3.6,9.8
124078,527,19,21,12/1/2023,11,1,20,0,0,0,0,0,0,0,Altona Knights FC,Campbellfield FC,10,2,0,2023,12,1,4,4,6,0,3,L,W,0.375,0.625,3.625,5.275,5.475,3.525,0.2,0.6,1429.75422,1573.854036,1,4,5,3.2,5.4
124079,527,19,325,12/8/2023,11,1,21,0,0,0,0,0,0,0,Altona Knights FC,Roxburgh Park Gorillas,10,6,1,2023,12,8,4,8,2,3,0,W,L,0.365853659,0.243902439,3.634146341,2.87804878,5.487804878,6.317073171,0.2,0.2,1420.034229,1328.174816,2,3,5,3.8,4
124080,527,22,21,12/8/2023,11,1,21,0,0,0,0,0,0,0,FC Carlton Heart,Campbellfield FC,10,4,0,2023,12,8,4,3,7,0,3,L,W,0.317073171,0.634146341,3.365853659,5.292682927,5.073170732,3.536585366,0.6,0.6,1432.855356,1583.574026,2,3,5,5.6,5.8
124081,527,17,18,12/8/2023,11,1,21,0,0,0,0,0,0,0,Fitzroy FC,Moreland Blues FC,7,1,0,2023,12,8,4,3,4,0,3,L,W,0.951219512,0.780487805,7.073170732,6.097560976,1.756097561,2.487804878,1,0.8,1796.599538,1677.740171,5,0,5,7.6,8.6
124082,527,322,331,12/8/2023,11,1,21,0,1,0,0,0,0,0,Metropolitan FC,Hume FC,11,1,0,2023,12,8,4,5,6,0,0,L,W,0.2,0.487804878,4.7,3.219512195,9,3.902439024,0,0.6,1358.259376,1498.774004,0,2,2,4.6,3.2
147815,627,22,331,1/19/2024,11,1,1,1,0,0,0,0,0,0,FC Carlton Heart,Hume FC,12,4,1,2024,1,19,4,8,4,3,0,W,L,0.30952381,0.5,3.357142857,3.285714286,5.119047619,3.928571429,0.6,0.6,1423.391273,1508.634226,1,5,6,5.4,3.4
147816,627,19,355,1/19/2024,11,1,1,0,0,0,0,0,0,0,Altona Knights FC,Western City FC ,6,2,0,2024,1,19,4,2,4,0,3,L,W,0.380952381,0,3.738095238,0,5.404761905,0,0.4,0,1431.899837,1500,0,0,0,5,0
147814,627,17,20,1/19/2024,11,1,1,1,0,0,0,0,0,0,Fitzroy FC,Western United FC,6,2,1,2024,1,19,4,4,2,3,0,W,L,0.928571429,0.238095238,6.976190476,2.857142857,1.80952381,4.619047619,0.8,0.4,1775.329856,1403.988485,3,0,3,7,3.8
147818,627,18,355,1/23/2024,11,1,2,0,0,0,0,0,0,0,Moreland Blues FC,Western City FC ,2,2,1,2024,1,23,1,2,0,3,0,W,L,0.785714286,1,6.047619048,4,2.5,2,0.8,1,1699.009853,1512.903426,0,0,0,6,4
147819,627,19,22,1/26/2024,11,1,2,0,0,0,0,0,0,0,Altona Knights FC,FC Carlton Heart,4,2,1,2024,1,26,4,3,1,3,0,W,L,0.372093023,0.325581395,3.697674419,3.465116279,5.372093023,5.093023256,0.4,0.6,1418.996411,1443.239939,4,2,6,5,5
147820,627,331,17,1/26/2024,11,1,2,0,0,0,0,0,0,0,Hume FC,Fitzroy FC,3,1,0,2024,1,26,4,1,2,0,3,L,W,0.488372093,0.930232558,3.302325581,6.906976744,4.023255814,1.813953488,0.4,0.8,1488.785559,1778.705679,1,5,6,3.4,7
147822,627,20,331,2/2/2024,11,1,3,0,0,0,0,0,0,0,Western United FC,Hume FC,12,2,1,2024,2,2,4,7,5,3,0,W,L,0.227272727,0.477272727,2.818181818,3.25,4.590909091,3.977272727,0.4,0.2,1400.612662,1483.711352,1,2,3,4,2.6
147823,627,22,355,2/2/2024,11,1,3,0,0,0,0,0,0,0,FC Carlton Heart,Western City FC ,7,7,1,2024,2,2,4,7,0,3,0,W,L,0.318181818,0.5,3.409090909,2,5.045454545,2,0.4,0.5,1426.125292,1504.738526,0,0,0,3.8,2
147824,627,18,19,2/2/2024,11,1,3,0,0,0,0,0,0,0,Moreland Blues FC,Altona Knights FC,3,1,1,2024,2,2,4,2,1,3,0,W,L,0.790697674,0.386363636,5.953488372,3.681818182,2.441860465,5.272727273,0.8,0.6,1707.174754,1436.111058,5,1,6,4.6,4.8
147826,627,355,331,2/9/2024,11,1,4,0,0,0,0,0,0,0,Western City FC ,Hume FC,5,1,1,2024,2,9,4,3,2,0,0,W,L,0.333333333,0.466666667,1.333333333,3.288888889,3.666666667,4.044444444,0.333333333,0.2,1485.178795,1463.955856,0,0,0,1.333333333,3.4
147827,627,18,20,2/9/2024,11,1,4,0,0,0,0,0,0,0,Moreland Blues FC,Western United FC,1,1,1,2024,2,9,4,1,0,3,0,W,L,0.795454545,0.260869565,5.863636364,3,2.409090909,4.608695652,0.8,0.4,1712.729756,1420.368158,3,0,3,3.6,4.4
147828,627,17,22,2/9/2024,11,1,4,0,0,0,0,0,0,0,Fitzroy FC,FC Carlton Heart,3,3,1,2024,2,9,4,3,0,3,0,W,L,0.931818182,0.333333333,6.795454545,3.488888889,1.795454545,4.933333333,0.8,0.4,1783.779886,1445.685022,6,0,6,3.8,4.2
147830,627,19,20,2/16/2024,11,1,5,0,0,0,0,0,0,0,Altona Knights FC,Western United FC,9,1,1,2024,2,16,4,5,4,3,0,W,L,0.377777778,0.25,3.622222222,2.875,5.2,4.458333333,0.4,0.4,1430.556055,1415.353669,1,2,3,3.6,4
147831,627,18,331,2/16/2024,11,1,5,0,0,0,0,0,0,0,Moreland Blues FC,Hume FC,8,8,1,2024,2,16,4,8,0,3,0,W,L,0.8,0.456521739,5.755555556,3.260869565,2.355555556,4.02173913,1,0.2,1717.744245,1448.931995,5,1,6,3,3.6
147832,627,17,355,2/16/2024,11,1,5,0,0,0,0,0,0,0,Fitzroy FC,Western City FC ,3,1,1,2024,2,16,4,2,1,3,0,W,L,0.933333333,0.5,6.711111111,1.75,1.755555556,3.25,0.8,0.5,1787.778765,1500.202656,0,0,0,4,1.75
147836,627,18,22,2/23/2024,11,1,6,0,0,0,0,0,0,0,Moreland Blues FC,FC Carlton Heart,7,3,1,2024,2,23,4,5,2,3,0,W,L,0.804347826,0.326086957,5.804347826,3.413043478,2.304347826,4.891304348,1,0.4,1723.358997,1441.686143,5,1,6,3.4,3.8
147835,627,355,20,2/23/2024,11,1,6,0,0,0,0,0,0,0,Western City FC ,Western United FC,5,1,1,2024,2,23,4,3,2,3,0,W,L,0.4,0.24,1.6,2.92,3,4.48,0.4,0.4,1495.070573,1400.053319,0,0,0,1.6,3.6
147834,627,17,19,2/23/2024,11,1,6,0,0,0,0,0,0,0,Fitzroy FC,Altona Knights FC,1,1,1,2024,2,23,4,1,0,3,0,W,L,0.934782609,0.391304348,6.608695652,3.652173913,1.739130435,5.173913043,0.8,0.6,1792.910848,1445.856406,6,0,6,2.8,3.8
147838,627,22,20,3/1/2024,11,1,7,0,0,0,0,0,0,0,FC Carlton Heart,Western United FC,8,6,0,2024,3,1,4,1,7,0,3,L,W,0.319148936,0.230769231,3.382978723,2.884615385,4.893617021,4.423076923,0.4,0.2,1436.405936,1388.323103,2,1,3,3.6,3
147839,627,18,17,3/1/2024,11,1,7,0,0,0,0,0,0,0,Moreland Blues FC,Fitzroy FC,7,1,0,2024,3,1,4,3,4,0,3,L,W,0.808510638,0.936170213,5.787234043,6.489361702,2.29787234,1.70212766,1,1,1728.639204,1796.732719,1,5,6,3.6,2.4
147840,627,331,19,3/1/2024,11,1,7,0,0,0,0,0,0,0,Hume FC,Altona Knights FC,7,1,1,2024,3,1,4,4,3,3,0,W,L,0.446808511,0.382978723,3.191489362,3.574468085,4.106382979,5.085106383,0,0.4,1443.317243,1442.034535,3,3,6,2.4,2.2
147842,627,331,22,3/8/2024,11,1,8,0,0,0,0,0,0,0,Hume FC,FC Carlton Heart,10,2,1,2024,3,8,4,6,4,3,0,W,L,0.458333333,0.3125,3.208333333,3.333333333,4.083333333,4.9375,0.2,0.2,1459.258173,1418.205669,5,2,7,2.4,2.2
147843,627,355,19,3/8/2024,11,1,8,0,0,0,0,0,0,0,Western City FC ,Altona Knights FC,7,1,1,2024,3,8,4,4,3,3,0,W,L,0.5,0.375,1.833333333,3.5625,2.833333333,5.0625,0.4,0.4,1506.800788,1426.093605,1,0,1,1.4,2.4
147844,627,20,17,3/8/2024,11,1,8,0,0,0,0,0,0,0,Western United FC,Fitzroy FC,12,4,0,2024,3,8,4,4,8,0,3,L,W,0.259259259,0.9375,3.037037037,6.4375,4.296296296,1.729166667,0.4,1,1406.52337,1809.63644,0,4,4,4,2.4
147848,627,17,331,3/15/2024,11,1,9,0,0,0,0,0,0,0,Fitzroy FC,Hume FC,7,3,1,2024,3,15,4,5,2,3,0,W,L,0.93877551,0.469387755,6.469387755,3.265306122,1.775510204,4.081632653,1,0.4,1812.498485,1473.376384,6,1,7,3.6,3.4
147846,627,22,19,3/15/2024,11,1,9,0,0,0,0,0,0,0,FC Carlton Heart,Altona Knights FC,5,1,1,2024,3,15,4,3,2,0,0,W,L,0.306122449,0.367346939,3.346938776,3.551020408,4.959183673,5.040816327,0.2,0.2,1404.087457,1413.744869,2,5,7,2.8,2.4
147847,627,355,18,3/15/2024,11,1,9,0,0,0,0,0,0,0,Western City FC ,Moreland Blues FC,9,3,0,2024,3,15,4,3,6,0,3,L,W,0.571428571,0.791666667,2.142857143,5.729166667,2.857142857,2.333333333,0.6,0.8,1519.149525,1715.735483,0,1,1,2.2,3.8
147852,627,331,20,3/22/2024,11,1,10,0,0,0,0,0,0,0,Hume FC,Western United FC,9,1,1,2024,3,22,4,5,4,0,0,W,L,0.46,0.25,3.24,3.071428571,4.1,4.428571429,0.4,0.2,1469.398151,1403.661326,2,2,4,2.8,3.4
147851,627,19,18,3/22/2024,11,1,10,0,0,0,0,0,0,0,Altona Knights FC,Moreland Blues FC,6,4,0,2024,3,22,4,1,5,0,3,L,W,0.36,0.795918367,3.52,5.734693878,5,2.346938776,0.2,0.8,1397.300243,1723.538959,1,6,7,2.6,4.6
147850,627,355,22,3/22/2024,11,1,10,0,0,0,0,0,0,0,Western City FC ,FC Carlton Heart,9,1,0,2024,3,22,4,4,5,0,0,L,W,0.5,0.32,2.25,3.34,3.25,4.9,0.6,0.2,1511.346049,1420.532083,0,1,1,2.8,2
147854,627,18,20,4/5/2024,11,1,11,0,0,0,0,0,0,0,Moreland Blues FC,Western United FC,7,3,1,2024,4,5,4,5,2,3,0,W,L,0.8,0.24137931,5.72,3.103448276,2.32,4.448275862,0.8,0.2,1727.782829,1390.653004,4,0,4,5.4,4.2
147855,627,22,17,4/5/2024,11,1,11,0,0,0,0,0,0,0,FC Carlton Heart,Fitzroy FC,14,6,0,2024,4,5,4,4,10,0,3,L,W,0.333333333,0.94,3.37254902,6.44,4.882352941,1.78,0.4,1,1440.62151,1816.476718,0,7,7,3,4
147856,627,331,355,4/5/2024,11,1,11,0,0,0,0,0,0,0,Hume FC,Western City FC ,3,1,1,2024,4,5,4,2,1,3,0,W,L,0.470588235,0.444444444,3.274509804,2.444444444,4.098039216,3.444444444,0.6,0.4,1482.406473,1491.256622,0,1,1,3.4,3
147860,627,331,18,4/12/2024,11,1,12,0,0,0,0,0,0,0,Hume FC,Moreland Blues FC,6,2,0,2024,4,12,4,2,4,0,3,L,W,0.480769231,0.803921569,3.25,5.705882353,4.038461538,2.31372549,0.8,0.8,1498.813949,1731.801187,1,6,7,3.8,4.8
147858,627,19,20,4/12/2024,11,1,12,0,0,0,0,0,0,0,Altona Knights FC,Western United FC,11,3,1,2024,4,12,4,7,4,3,0,W,L,0.352941176,0.233333333,3.470588235,3.066666667,5,4.466666667,0,0.2,1393.056373,1386.634646,2,2,4,1.8,3.8
147859,627,355,17,4/12/2024,11,1,12,0,0,0,0,0,0,0,Western City FC ,Fitzroy FC,8,4,0,2024,4,12,4,2,6,0,3,L,W,0.4,0.941176471,2.3,6.509803922,3.3,1.823529412,0.4,1,1474.849145,1819.774878,0,1,1,3,5.6
147863,627,20,355,4/19/2024,11,1,13,0,0,0,0,0,0,0,Western United FC,Western City FC ,9,1,1,2024,4,19,4,5,4,3,0,W,L,0.225806452,0.363636364,3.096774194,2.272727273,4.548387097,3.545454545,0.2,0.2,1370.930343,1470.985842,0,1,1,4.2,2.8
147864,627,19,17,4/19/2024,11,1,13,0,0,0,0,0,0,0,Altona Knights FC,Fitzroy FC,7,3,0,2024,4,19,4,2,5,0,3,L,W,0.365384615,0.942307692,3.538461538,6.5,4.980769231,1.826923077,0.2,1,1408.760675,1823.638182,0,7,7,3.2,6.6
147862,627,22,18,4/19/2024,11,1,13,0,0,0,0,0,0,0,FC Carlton Heart,Moreland Blues FC,11,3,0,2024,4,19,4,4,7,0,3,L,W,0.326923077,0.807692308,3.384615385,5.673076923,4.980769231,2.307692308,0.4,0.8,1437.32335,1738.435289,1,6,7,3.4,4.6
147867,627,18,17,4/26/2024,11,1,14,0,0,0,0,0,0,0,Moreland Blues FC,Fitzroy FC,3,1,0,2024,4,26,4,1,2,0,0,L,W,0.811320755,0.943396226,5.698113208,6.471698113,2.339622642,1.830188679,1,1,1743.240438,1826.328577,1,6,7,5.4,6.8
147868,627,22,20,4/26/2024,11,1,14,0,0,0,0,0,0,0,FC Carlton Heart,Western United FC,9,9,0,2024,4,26,4,0,9,0,3,L,W,0.320754717,0.25,3.396226415,3.15625,5.018867925,4.53125,0.4,0.2,1432.518202,1391.414778,2,2,4,4,3.8
147866,627,331,19,4/26/2024,11,1,14,0,0,0,0,0,0,0,Hume FC,Altona Knights FC,10,2,0,2024,4,26,4,4,6,0,3,L,W,0.471698113,0.358490566,3.226415094,3.509433962,4.037735849,4.981132075,0.6,0.2,1492.179847,1406.070279,4,3,7,3.4,3
147872,627,22,331,5/3/2024,11,1,15,0,0,0,0,0,0,0,FC Carlton Heart,Hume FC,10,2,0,2024,5,3,4,4,6,0,3,L,W,0.314814815,0.462962963,3.333333333,3.240740741,5.092592593,4.074074074,0.4,0.4,1414.634101,1472.293604,2,6,8,3.2,3
147871,627,17,20,5/3/2024,11,1,15,0,0,0,0,0,0,0,Fitzroy FC,Western United FC,9,7,1,2024,5,3,4,8,1,3,0,W,L,0.944444444,0.272727273,6.388888889,3.333333333,1.814814815,4.393939394,1,0.4,1838.573541,1409.298879,5,0,5,5.6,4.8
147870,627,19,355,5/3/2024,11,1,15,0,0,0,0,0,0,0,Altona Knights FC,Western City FC ,5,1,0,2024,5,3,4,2,3,0,3,L,W,0.37037037,0.333333333,3.555555556,2.416666667,4.962962963,3.666666667,0.4,0,1425.956523,1450.501407,0,2,2,3.6,2.8
147874,627,18,355,5/10/2024,11,1,16,0,0,0,0,0,0,0,Moreland Blues FC,Western City FC ,7,7,1,2024,5,10,4,7,0,3,0,W,L,0.796296296,0.384615385,5.611111111,2.461538462,2.333333333,3.538461538,0.8,0.2,1730.995475,1465.37295,2,0,2,4.4,2.8
147875,627,331,17,5/10/2024,11,1,16,0,0,0,0,0,0,0,Hume FC,Fitzroy FC,11,5,0,2024,5,10,4,3,8,0,3,L,W,0.472727273,0.945454545,3.290909091,6.418181818,4.072727273,1.8,0.6,1,1485.662397,1841.066626,1,7,8,3.8,6.2
147876,627,19,22,5/10/2024,11,1,16,0,0,0,0,0,0,0,Altona Knights FC,FC Carlton Heart,9,5,1,2024,5,10,4,7,2,3,0,W,L,0.363636364,0.309090909,3.527272727,3.345454545,4.927272727,5.109090909,0.4,0.2,1411.08498,1401.265307,5,3,8,3.6,3.4
147878,627,22,355,5/17/2024,11,1,17,0,0,0,0,0,0,0,FC Carlton Heart,Western City FC ,5,3,0,2024,5,17,4,1,4,0,3,L,W,0.303571429,0.357142857,3.321428571,2.285714286,5.142857143,3.785714286,0,0.2,1385.7174,1459.672685,2,0,2,2.8,2
147879,627,18,19,5/17/2024,11,1,17,0,0,0,0,0,0,0,Moreland Blues FC,Altona Knights FC,9,1,1,2024,5,17,4,5,4,3,0,W,L,0.8,0.375,5.636363636,3.589285714,2.290909091,4.875,0.8,0.6,1736.69574,1426.632887,7,1,8,4.8,4.8
147880,627,20,331,5/17/2024,11,1,17,0,0,0,0,0,0,0,Western United FC,Hume FC,10,2,0,2024,5,17,4,4,6,0,3,L,W,0.264705882,0.464285714,3.264705882,3.285714286,4.5,4.142857143,0.4,0.4,1406.805794,1481.99935,2,3,5,4.2,3.4
147882,627,17,22,5/24/2024,11,1,18,0,0,0,0,0,0,0,Fitzroy FC,FC Carlton Heart,14,14,1,2024,5,24,4,14,0,3,0,W,L,0.946428571,0.298245614,6.446428571,3.280701754,1.821428571,5.122807018,1,0,1844.729674,1373.072644,8,0,8,5.8,2.2
147883,627,18,20,5/24/2024,11,1,18,0,0,0,0,0,0,0,Moreland Blues FC,Western United FC,11,1,0,2024,5,24,4,5,6,0,3,L,W,0.803571429,0.257142857,5.625,3.285714286,2.321428571,4.542857143,0.8,0.4,1741.294249,1394.215514,5,0,5,4.8,4.6
147884,627,355,331,5/24/2024,11,1,18,0,0,0,0,0,0,0,Western City FC ,Hume FC,7,1,1,2024,5,24,4,4,3,3,0,W,L,0.4,0.473684211,2.4,3.333333333,3.6,4.140350877,0.4,0.4,1472.317441,1494.589629,1,1,2,2.6,4.2
147888,627,18,331,5/31/2024,11,1,19,0,0,0,0,0,0,0,Moreland Blues FC,Hume FC,11,7,1,2024,5,31,4,9,2,3,0,W,L,0.789473684,0.465517241,5.614035088,3.327586207,2.385964912,4.137931034,0.6,0.4,1713.11565,1477.56536,7,1,8,5,4.4
147887,627,17,355,5/31/2024,11,1,19,0,0,0,0,0,0,0,Fitzroy FC,Western City FC ,9,7,1,2024,5,31,4,8,1,3,0,W,L,0.947368421,0.4375,6.578947368,2.5,1.789473684,3.5625,1,0.6,1846.716541,1489.34171,2,0,2,7.4,3
147886,627,19,20,5/31/2024,11,1,19,0,0,0,0,0,0,0,Altona Knights FC,Western United FC,10,2,1,2024,5,31,4,6,4,3,0,W,L,0.368421053,0.277777778,3.596491228,3.361111111,4.877192982,4.555555556,0.4,0.6,1422.034378,1422.394113,3,2,5,4.2,5
147890,627,18,22,6/7/2024,11,1,20,0,0,0,0,0,0,0,Moreland Blues FC,FC Carlton Heart,10,2,1,2024,6,7,4,6,4,3,0,W,L,0.793103448,0.293103448,5.672413793,3.224137931,2.379310345,5.275862069,0.6,0,1719.672499,1371.085777,7,1,8,5.4,1.4
147891,627,355,20,6/7/2024,11,1,20,0,0,0,0,0,0,0,Western City FC ,Western United FC,9,7,1,2024,6,7,4,8,1,3,0,W,L,0.411764706,0.27027027,2.411764706,3.378378378,3.823529412,4.594594595,0.6,0.4,1485.715298,1406.377547,1,1,2,2.4,4.8
147892,627,17,19,6/7/2024,11,1,20,0,0,0,0,0,0,0,Fitzroy FC,Altona Knights FC,22,10,1,2024,6,7,4,16,6,3,0,W,L,0.948275862,0.379310345,6.603448276,3.637931034,1.775862069,4.862068966,1,0.6,1850.342953,1438.050945,8,0,8,8,5
147894,627,18,17,6/14/2024,11,1,21,0,0,0,0,0,0,0,Moreland Blues FC,Fitzroy FC,1,1,0,2024,6,14,4,0,1,0,3,L,W,0.796610169,0.949152542,5.677966102,6.762711864,2.406779661,1.847457627,0.8,1,1723.464785,1853.070252,1,7,8,6.4,10.8
147895,627,22,20,6/14/2024,11,1,21,0,0,0,0,0,0,0,FC Carlton Heart,Western United FC,16,4,0,2024,6,14,4,6,10,0,3,L,W,0.288135593,0.263157895,3.237288136,3.315789474,5.288135593,4.684210526,0,0.2,1367.293491,1393.968977,2,3,5,2.2,3.2
147896,627,331,19,6/14/2024,11,1,21,0,0,0,0,0,0,0,Hume FC,Altona Knights FC,12,2,0,2024,6,14,4,5,7,0,3,L,W,0.457627119,0.372881356,3.305084746,3.677966102,4.220338983,5.050847458,0.4,0.4,1471.008511,1435.323646,4,4,8,4,5
174671,725,20,17,7/19/2024,11,1,1,0,0,0,0,0,0,0,Western United FC,Fitzroy FC,5,3,0,2024,7,19,4,1,4,0,3,L,W,0.282051282,0.95,3.487179487,6.666666667,4.717948718,1.816666667,0.4,1,1408.742933,1863.363962,0,6,6,5,9.4
174672,725,19,18,7/19/2024,11,1,1,0,0,0,0,0,0,0,Altona Knights FC,Moreland Blues FC,7,5,0,2024,7,19,4,1,6,0,3,L,W,0.383333333,0.783333333,3.733333333,5.583333333,5.05,2.383333333,0.6,0.6,1452.96124,1713.171074,1,8,9,6,5
174673,725,331,355,7/19/2024,11,1,1,0,0,0,0,0,0,0,Hume FC,Western City FC ,13,1,1,2024,7,19,4,7,6,3,0,W,L,0.45,0.444444444,3.333333333,2.722222222,4.266666667,3.666666667,0.2,0.6,1453.370917,1498.123868,1,2,3,3.8,3.4
174676,725,16,355,7/26/2024,11,1,2,0,0,0,0,0,0,0,Pascoe Vale FC,Western City FC ,9,7,1,2024,7,26,4,8,1,3,0,W,L,0,0.421052632,0,2.894736842,0,3.842105263,0,0.6,1500,1480.074242,0,0,0,0,4.6
174677,725,20,18,7/26/2024,11,1,2,0,0,0,0,0,0,0,Western United FC,Moreland Blues FC,9,7,0,2024,7,26,4,1,8,0,3,L,W,0.275,0.786885246,3.425,5.590163934,4.7,2.360655738,0.4,0.6,1406.565278,1719.018777,1,5,6,4.4,5.2
174675,725,19,331,7/26/2024,11,1,2,0,0,0,0,0,0,0,Altona Knights FC,Hume FC,7,1,1,2024,7,26,4,4,3,3,0,W,L,0.37704918,0.459016393,3.68852459,3.393442623,5.06557377,4.295081967,0.4,0.4,1447.113537,1471.420543,5,4,9,4.8,4.6
174679,725,19,20,8/2/2024,11,1,3,0,0,0,0,0,0,0,Altona Knights FC,Western United FC,8,2,0,2024,8,2,4,3,5,0,3,L,W,0.387096774,0.268292683,3.693548387,3.365853659,5.032258065,4.780487805,0.6,0.2,1464.231094,1402.020692,4,2,6,4.8,3.4
174680,725,17,355,8/2/2024,11,1,3,0,0,0,0,0,0,0,Fitzroy FC,Western City FC ,8,2,1,2024,8,2,4,5,3,3,0,W,L,0.950819672,0.4,6.62295082,2.8,1.803278689,4.05,1,0.4,1865.541618,1464.990852,3,0,3,8.6,4
174681,725,16,331,8/2/2024,11,1,3,0,0,0,0,0,0,0,Pascoe Vale FC,Hume FC,5,3,0,2024,8,2,4,1,4,0,3,L,W,1,0.451612903,8,3.387096774,1,4.290322581,1,0.2,1515.08339,1454.302987,0,0,0,8,4
174683,725,355,18,8/9/2024,11,1,4,0,0,0,0,0,0,0,Western City FC ,Moreland Blues FC,5,1,0,2024,8,9,4,2,3,0,3,L,W,0.380952381,0.790322581,2.80952381,5.629032258,4.095238095,2.338709677,0.2,0.8,1462.090135,1723.563362,0,3,3,3.8,5.8
174684,725,17,331,8/9/2024,11,1,4,0,0,0,0,0,0,0,Fitzroy FC,Hume FC,7,5,1,2024,8,9,4,6,1,3,0,W,L,0.951612903,0.46031746,6.596774194,3.396825397,1.822580645,4.238095238,1,0.4,1868.442335,1473.073819,8,1,9,6.8,4.2
174685,725,19,16,8/9/2024,11,1,4,0,0,0,0,0,0,0,Altona Knights FC,Pascoe Vale FC,15,7,0,2024,8,9,4,4,11,0,3,L,W,0.380952381,0.5,3.682539683,4.5,5.031746032,2.5,0.4,0.5,1445.396428,1496.312557,0,0,0,4.2,4.5
174687,725,355,20,8/16/2024,11,1,5,0,0,0,0,0,0,0,Western City FC ,Western United FC,12,6,0,2024,8,16,4,3,9,0,3,L,W,0.363636364,0.285714286,2.772727273,3.404761905,4.045454545,4.738095238,0.2,0.4,1456.277109,1420.855358,2,1,3,4,3.6
174688,725,18,331,8/16/2024,11,1,5,0,0,0,0,0,0,0,Moreland Blues FC,Hume FC,6,2,1,2024,8,16,4,4,2,3,0,W,L,0.793650794,0.453125,5.587301587,3.359375,2.333333333,4.265625,0.8,0.4,1729.376388,1470.093447,8,1,9,4.6,4
174689,725,17,16,8/16/2024,11,1,5,0,0,0,0,0,0,0,Fitzroy FC,Pascoe Vale FC,7,1,1,2024,8,16,4,4,3,3,0,W,L,0.952380952,0.666666667,6.587301587,6.666666667,1.80952381,3,1,0.666666667,1871.422707,1509.984426,0,0,0,6.4,6.666666667
174693,725,18,16,8/23/2024,11,1,6,0,0,0,0,0,0,0,Moreland Blues FC,Pascoe Vale FC,7,1,1,2024,8,23,4,4,3,3,0,W,L,0.796875,0.5,5.5625,5.75,2.328125,3.25,0.8,0.5,1735.249633,1506.432549,0,0,0,4.2,5.75
174692,725,331,20,8/23/2024,11,1,6,0,0,0,0,0,0,0,Hume FC,Western United FC,7,5,0,2024,8,23,4,1,6,0,3,L,W,0.446153846,0.302325581,3.338461538,3.534883721,4.261538462,4.697674419,0.4,0.6,1464.220202,1438.480961,4,2,6,3.4,5.2
174691,725,19,17,8/23/2024,11,1,6,0,0,0,0,0,0,0,Altona Knights FC,Fitzroy FC,15,9,0,2024,8,23,4,3,12,0,3,L,W,0.375,0.953125,3.6875,6.546875,5.125,1.828125,0.4,1,1431.72456,1874.974584,0,9,9,3.8,4
174695,725,19,355,8/30/2024,11,1,7,0,0,0,0,0,0,0,Altona Knights FC,Western City FC ,10,2,0,2024,8,30,4,4,6,0,3,L,W,0.369230769,0.347826087,3.676923077,2.782608696,5.230769231,4.260869565,0.2,0,1429.410247,1438.651506,0,3,3,3,3
174696,725,20,16,8/30/2024,11,1,7,0,0,0,0,0,0,0,Western United FC,Pascoe Vale FC,5,1,1,2024,8,30,4,3,2,0,0,W,L,0.318181818,0.4,3.590909091,5.2,4.613636364,3.4,0.6,0.4,1455.664133,1499.671322,0,0,0,4.4,5.2
174697,725,18,17,8/30/2024,11,1,7,0,0,0,0,0,0,0,Moreland Blues FC,Fitzroy FC,6,4,0,2024,8,30,4,1,5,0,3,L,W,0.8,0.953846154,5.538461538,6.630769231,2.338461538,1.846153846,1,1,1742.01086,1877.288897,1,8,9,5,6.2
174699,725,17,20,9/6/2024,11,1,8,0,0,0,0,0,0,0,Fitzroy FC,Western United FC,6,2,1,2024,9,6,4,4,2,3,0,W,L,0.954545455,0.333333333,6.606060606,3.577777778,1.833333333,4.555555556,1,0.8,1887.355943,1473.67997,7,0,7,6.4,4.8
174700,725,18,19,9/6/2024,11,1,8,0,0,0,0,0,0,0,Moreland Blues FC,Altona Knights FC,7,5,1,2024,9,6,4,6,1,3,0,W,L,0.787878788,0.363636364,5.46969697,3.681818182,2.378787879,5.242424242,0.8,0.2,1731.943814,1413.835723,9,1,10,4,3.6
174701,725,355,331,9/6/2024,11,1,8,0,0,0,0,0,0,0,Western City FC ,Hume FC,8,4,0,2024,9,6,4,2,6,0,3,L,W,0.375,0.439393939,2.916666667,3.303030303,4.25,4.287878788,0.2,0.2,1454.226031,1447.037029,2,2,4,3,2.2
174703,725,355,16,9/13/2024,11,1,9,0,0,0,0,0,0,0,Western City FC ,Pascoe Vale FC,9,7,0,2024,9,13,4,1,8,0,3,L,W,0.36,0.333333333,2.88,4.666666667,4.32,3.333333333,0.2,0.2,1437.895012,1481.655485,0,1,1,3.2,4
174704,725,331,19,9/13/2024,11,1,9,0,0,0,0,0,0,0,Hume FC,Altona Knights FC,10,2,0,2024,9,13,4,4,6,0,3,L,W,0.447761194,0.358208955,3.343283582,3.641791045,4.253731343,5.253731343,0.4,0,1463.368048,1409.416584,4,6,10,2.8,3
174705,725,18,20,9/13/2024,11,1,9,0,0,0,0,0,0,0,Moreland Blues FC,Western United FC,5,1,0,2024,9,13,4,2,3,0,0,L,W,0.791044776,0.326086957,5.47761194,3.543478261,2.358208955,4.543478261,0.8,0.8,1736.362953,1470.972481,6,1,7,3.6,5
174708,725,331,16,9/20/2024,11,1,10,0,0,0,0,0,0,0,Hume FC,Pascoe Vale FC,9,5,0,2024,9,20,4,2,7,0,3,L,W,0.441176471,0.428571429,3.352941176,5.142857143,4.279411765,3,0.2,0.4,1444.903271,1495.65083,1,0,1,2.8,5.4
174709,725,355,17,9/20/2024,11,1,10,0,0,0,0,0,0,0,Western City FC ,Fitzroy FC,5,3,0,2024,9,20,4,1,4,0,3,L,W,0.346153846,0.955223881,2.807692308,6.567164179,4.461538462,1.835820896,0.2,1,1423.899667,1890.063432,0,4,4,2.8,6.2
174707,725,20,19,9/20/2024,11,1,10,0,0,0,0,0,0,0,Western United FC,Altona Knights FC,7,1,0,2024,9,20,4,3,4,0,0,L,W,0.340425532,0.367647059,3.531914894,3.676470588,4.489361702,5.235294118,0.8,0.2,1497.265956,1427.881361,3,4,7,4.6,3.6
174712,725,18,355,9/27/2024,11,1,11,0,0,0,0,0,0,0,Moreland Blues FC,Western City FC ,12,4,1,2024,9,27,4,8,4,3,0,W,L,0.779411765,0.333333333,5.426470588,2.740740741,2.367647059,4.444444444,0.6,0.2,1710.069479,1421.85305,4,0,4,3.4,2.6
174713,725,16,19,9/27/2024,11,1,11,0,0,0,0,0,0,0,Pascoe Vale FC,Altona Knights FC,15,1,1,2024,9,27,4,8,7,3,0,W,L,0.5,0.376811594,5.375,3.68115942,2.875,5.202898551,0.4,0.4,1509.330297,1447.034829,1,0,1,4.6,3.6
174711,725,331,17,9/27/2024,11,1,11,0,0,0,0,0,0,0,Hume FC,Fitzroy FC,9,3,0,2024,9,27,4,3,6,0,3,L,W,0.434782609,0.955882353,3.333333333,6.529411765,4.31884058,1.823529412,0.2,1,1431.223803,1892.110048,1,9,10,3,5.8
174715,725,20,355,10/4/2024,11,1,12,0,0,0,0,0,0,0,Western United FC,Western City FC ,6,2,1,2024,10,4,4,4,2,3,0,W,L,0.333333333,0.321428571,3.520833333,2.785714286,4.479166667,4.571428571,0.6,0.2,1478.112488,1416.73683,2,2,4,3.4,2.8
174716,725,331,18,10/4/2024,11,1,12,0,0,0,0,0,0,0,Hume FC,Moreland Blues FC,7,3,0,2024,10,4,4,2,5,0,3,L,W,0.428571429,0.782608696,3.328571429,5.463768116,4.342857143,2.391304348,0.2,0.6,1429.118211,1715.185699,1,9,10,3.2,4.2
174717,725,16,17,10/4/2024,11,1,12,0,0,0,0,0,0,0,Pascoe Vale FC,Fitzroy FC,13,7,0,2024,10,4,4,3,10,0,3,L,W,0.555555556,0.956521739,5.666666667,6.52173913,3.333333333,1.84057971,0.6,1,1522.491838,1894.215641,0,1,1,5.6,6.2
174719,725,20,331,10/11/2024,11,1,13,0,0,0,0,0,0,0,Western United FC,Hume FC,14,4,0,2024,10,11,4,5,9,0,3,L,W,0.346938776,0.422535211,3.530612245,3.309859155,4.428571429,4.352112676,0.6,0.2,1491.315073,1423.948596,3,4,7,3,3.4
174720,725,17,19,10/11/2024,11,1,13,0,0,0,0,0,0,0,Fitzroy FC,Altona Knights FC,9,3,1,2024,10,11,4,6,3,3,0,W,L,0.957142857,0.371428571,6.571428571,3.728571429,1.857142857,5.242857143,1,0.4,1897.584821,1433.873288,10,0,10,5.8,4.4
174721,725,16,18,10/11/2024,11,1,13,0,0,0,0,0,0,0,Pascoe Vale FC,Moreland Blues FC,10,4,0,2024,10,11,4,3,7,0,3,L,W,0.5,0.785714286,5.4,5.457142857,4,2.385714286,0.6,0.6,1519.122657,1720.355314,0,1,1,5.6,4.4
174723,725,355,19,10/18/2024,11,1,14,0,0,0,0,0,0,0,Western City FC ,Altona Knights FC,10,2,0,2024,10,18,4,4,6,0,3,L,W,0.310344828,0.366197183,2.75862069,3.718309859,4.551724138,5.253521127,0,0.4,1403.534245,1431.799462,4,0,4,2,4.2
174724,725,16,20,10/18/2024,11,1,14,0,0,0,0,0,0,0,Pascoe Vale FC,Western United FC,6,2,1,2024,10,18,4,4,2,3,0,W,L,0.454545455,0.34,5.181818182,3.56,4.272727273,4.52,0.6,0.4,1511.475929,1472.251035,0,1,1,5.8,3.4
174725,725,17,18,10/18/2024,11,1,14,0,0,0,0,0,0,0,Fitzroy FC,Moreland Blues FC,7,1,1,2024,10,18,4,4,3,0,0,W,L,0.957746479,0.788732394,6.563380282,5.478873239,1.873239437,2.394366197,1,0.8,1899.658647,1728.002043,9,1,10,6,5.6
174728,725,331,355,10/25/2024,11,1,15,0,0,0,0,0,0,0,Hume FC,Western City FC ,11,1,0,2024,10,25,4,5,6,0,3,L,W,0.430555556,0.3,3.388888889,2.8,4.361111111,4.6,0.2,0,1443.012634,1388.833042,3,2,5,4,2.4
174729,725,19,18,10/25/2024,11,1,15,0,0,0,0,0,0,0,Altona Knights FC,Moreland Blues FC,17,11,0,2024,10,25,4,3,14,0,3,L,W,0.375,0.777777778,3.75,5.444444444,5.236111111,2.416666667,0.6,0.6,1446.500665,1719.321062,1,10,11,5.2,5
174727,725,20,17,10/25/2024,11,1,15,0,0,0,0,0,0,0,Western United FC,Fitzroy FC,8,4,0,2024,10,25,4,2,6,0,3,L,W,0.333333333,0.958333333,3.529411765,6.527777778,4.509803922,1.888888889,0.4,1,1458.049772,1908.339628,0,8,8,3.4,6
174731,725,16,355,11/1/2024,11,1,16,0,0,0,0,0,0,0,Pascoe Vale FC,Western City FC ,9,1,1,2024,11,1,4,5,4,0,0,W,L,0.5,0.322580645,5.083333333,2.903225806,4.083333333,4.612903226,0.6,0.2,1525.677191,1407.308074,2,0,2,5,3.4
174732,725,19,331,11/1/2024,11,1,16,0,0,0,0,0,0,0,Altona Knights FC,Hume FC,7,7,0,2024,11,1,4,0,7,0,3,L,W,0.369863014,0.424657534,3.739726027,3.410958904,5.356164384,4.383561644,0.4,0.2,1440.991932,1424.537602,7,4,11,4.6,4.2
174733,725,20,18,11/1/2024,11,1,16,0,0,0,0,0,0,0,Western United FC,Moreland Blues FC,5,3,0,2024,11,1,4,1,4,0,3,L,W,0.326923077,0.780821918,3.5,5.561643836,4.538461538,2.424657534,0.2,0.8,1455.820969,1724.829795,2,6,8,3.2,7.4
174735,725,19,20,11/8/2024,11,1,17,0,0,0,0,0,0,0,Altona Knights FC,Western United FC,7,3,0,2024,11,8,4,2,5,0,3,L,W,0.364864865,0.320754717,3.689189189,3.452830189,5.378378378,4.528301887,0.2,0.2,1424.234748,1450.211454,5,3,8,3.8,2.8
174736,725,17,355,11/8/2024,11,1,17,0,0,0,0,0,0,0,Fitzroy FC,Western City FC ,12,2,1,2024,11,8,4,7,5,3,0,W,L,0.95890411,0.3125,6.520547945,2.9375,1.890410959,4.625,1,0.2,1910.568431,1396.557619,5,0,5,6.4,4
174737,725,16,331,11/8/2024,11,1,17,0,0,0,0,0,0,0,Pascoe Vale FC,Hume FC,9,1,1,2024,11,8,4,5,4,3,0,W,L,0.538461538,0.432432432,5.076923077,3.459459459,4.076923077,4.324324324,0.6,0.4,1536.427646,1441.294786,1,1,2,4.6,5.2
174739,725,19,16,11/15/2024,11,1,18,0,0,0,0,0,0,0,Altona Knights FC,Pascoe Vale FC,9,3,0,2024,11,15,4,3,6,0,3,L,W,0.36,0.571428571,3.666666667,5.071428571,5.373333333,4.071428571,0.2,0.6,1409.428795,1548.152918,0,2,2,2.8,4
174740,725,355,18,11/15/2024,11,1,18,0,0,0,0,0,0,0,Western City FC ,Moreland Blues FC,13,5,0,2024,11,15,4,4,9,0,3,L,W,0.303030303,0.783783784,3,5.540540541,4.696969697,2.405405405,0.2,0.8,1394.979434,1730.43931,0,5,5,4.2,6.6
174741,725,17,331,11/15/2024,11,1,18,0,0,0,0,0,0,0,Fitzroy FC,Hume FC,5,3,1,2024,11,15,4,4,1,3,0,W,L,0.959459459,0.426666667,6.527027027,3.466666667,1.932432432,4.333333333,1,0.4,1912.146616,1429.569515,10,1,11,6.6,5.4
174743,725,18,331,11/22/2024,11,1,19,0,0,0,0,0,0,0,Moreland Blues FC,Hume FC,9,1,1,2024,11,22,4,5,4,3,0,W,L,0.786666667,0.421052632,5.586666667,3.434210526,2.426666667,4.328947368,0.8,0.4,1734.491568,1427.696615,10,1,11,7.4,5.2
174744,725,355,20,11/22/2024,11,1,19,0,0,0,0,0,0,0,Western City FC ,Western United FC,7,3,1,2024,11,22,4,5,2,3,0,W,L,0.294117647,0.333333333,3.029411765,3.481481481,4.823529412,4.481481481,0.2,0.2,1390.927176,1465.017407,2,3,5,4.6,3
174745,725,17,16,11/22/2024,11,1,19,0,0,0,0,0,0,0,Fitzroy FC,Pascoe Vale FC,6,4,1,2024,11,22,4,5,1,3,0,W,L,0.96,0.6,6.493333333,5.133333333,1.92,4,1,0.8,1914.019516,1558.083592,2,0,2,5.4,4.6
174749,725,18,16,11/29/2024,11,1,20,0,0,0,0,0,0,0,Moreland Blues FC,Pascoe Vale FC,7,1,1,2024,11,29,4,4,3,3,0,W,L,0.789473684,0.5625,5.578947368,4.875,2.447368421,4.0625,0.8,0.8,1739.164649,1554.430461,2,0,2,7,4.2
174748,725,331,20,11/29/2024,11,1,20,0,0,0,0,0,0,0,Hume FC,Western United FC,4,4,1,2024,11,29,4,4,0,3,0,W,L,0.415584416,0.327272727,3.441558442,3.454545455,4.337662338,4.490909091,0.2,0.2,1423.023534,1445.656222,5,3,8,4.2,2.4
174747,725,19,17,11/29/2024,11,1,20,0,0,0,0,0,0,0,Altona Knights FC,Fitzroy FC,12,8,0,2024,11,29,4,2,10,0,3,L,W,0.355263158,0.960526316,3.657894737,6.473684211,5.381578947,1.907894737,0.2,1,1399.498121,1917.672647,0,11,11,2.8,5.2
174751,725,18,17,12/6/2024,11,1,21,0,0,0,0,0,0,0,Moreland Blues FC,Fitzroy FC,7,3,0,2024,12,6,4,2,5,0,3,L,W,0.792207792,0.961038961,5.558441558,6.519480519,2.454545455,1.909090909,1,1,1747.377682,1919.215258,1,10,11,7.2,6.4
174752,725,20,16,12/6/2024,11,1,21,0,0,0,0,0,0,0,Western United FC,Pascoe Vale FC,7,1,1,2024,12,6,4,4,3,3,0,W,L,0.321428571,0.529411765,3.392857143,4.764705882,4.482142857,4.058823529,0.2,0.6,1428.61542,1546.217428,1,1,2,2,4
174753,725,19,355,12/6/2024,11,1,21,0,0,0,0,0,0,0,Altona Knights FC,Western City FC ,5,3,1,2024,12,6,4,4,1,3,0,W,L,0.350649351,0.314285714,3.636363636,3.085714286,5.441558442,4.742857143,0,0.4,1397.95551,1410.288361,1,4,5,2,4.8
215797,878,17,331,1/31/2025,12,1,1,1,0,0,0,0,0,0,Fitzroy FC,Hume FC,4,4,1,2025,1,31,4,4,0,3,0,W,L,0.961538462,0.423076923,6.5,3.448717949,1.91025641,4.282051282,1,0.4,1927.88965,1440.064336,11,1,12,6.2,4
215798,878,18,22,1/31/2025,12,1,1,0,0,0,0,0,0,0,Moreland Blues FC,FC Carlton Heart,11,11,1,2025,1,31,4,11,0,3,0,W,L,0.782051282,0.283333333,5.512820513,3.283333333,2.487179487,5.366666667,0.8,0,1738.70329,1352.519534,8,1,9,4.8,2.6
215799,878,20,19,1/31/2025,12,1,1,1,0,0,0,0,0,0,Western United FC,Altona Knights FC,12,0,1,2025,1,31,4,6,6,1,1,W,L,0.333333333,0.358974359,3.403508772,3.641025641,4.456140351,5.384615385,0.4,0.2,1449.833418,1414.52322,4,5,9,2.4,2.2
215803,878,18,331,2/7/2025,12,1,2,0,0,0,0,0,0,0,Moreland Blues FC,Hume FC,9,9,1,2025,2,7,4,9,0,3,0,W,L,0.784810127,0.417721519,5.582278481,3.405063291,2.455696203,4.278481013,0.8,0.2,1741.829671,1438.244002,11,1,12,6.2,2.6
215801,878,20,22,2/7/2025,12,1,2,0,0,0,0,0,0,0,Western United FC,FC Carlton Heart,13,7,1,2025,2,7,4,10,3,3,0,W,L,0.344827586,0.278688525,3.448275862,3.229508197,4.482758621,5.459016393,0.6,0,1464.212899,1349.393154,4,2,6,3.4,2.2
215802,878,16,19,2/7/2025,12,1,2,0,0,0,0,0,0,0,Pascoe Vale FC,Altona Knights FC,11,7,1,2025,2,7,4,9,2,3,0,W,L,0.5,0.35443038,4.666666667,3.670886076,4.055555556,5.392405063,0.4,0.2,1524.999429,1400.14374,3,0,3,3.6,3.4
215807,878,16,22,2/14/2025,12,1,3,0,0,0,0,0,0,0,Pascoe Vale FC,FC Carlton Heart,24,8,1,2025,2,14,4,16,8,3,0,W,L,0.526315789,0.274193548,4.894736842,3.225806452,3.947368421,5.532258065,0.4,0,1535.484976,1338.496354,0,0,0,4.4,2.6
215806,878,331,20,2/14/2025,12,1,3,0,0,0,0,0,0,0,Hume FC,Western United FC,8,6,0,2025,2,14,4,1,7,0,3,L,W,0.4125,0.355932203,3.3625,3.559322034,4.3375,4.457627119,0.2,0.6,1433.496714,1475.109699,6,3,9,1.8,4.4
215805,878,17,19,2/14/2025,12,1,3,0,0,0,0,0,0,0,Fitzroy FC,Altona Knights FC,16,14,1,2025,2,14,4,15,1,3,0,W,L,0.962025316,0.35,6.46835443,3.65,1.886075949,5.4375,1,0.2,1929.709984,1389.658193,12,0,12,5.6,3.4
215809,878,22,17,2/21/2025,12,1,4,0,0,0,0,0,0,0,FC Carlton Heart,Fitzroy FC,22,18,0,2025,2,21,4,2,20,0,3,L,W,0.26984127,0.9625,3.301587302,6.575,5.698412698,1.875,0,1,1330.706547,1931.077863,0,9,9,4.2,7.8
215810,878,16,331,2/21/2025,12,1,4,0,0,0,0,0,0,0,Pascoe Vale FC,Hume FC,5,1,1,2025,2,21,4,3,2,3,0,W,L,0.55,0.407407407,5.45,3.333333333,4.15,4.37037037,0.4,0.2,1543.274783,1419.403951,2,1,3,6.4,1.8
215811,878,18,19,2/21/2025,12,1,4,0,0,0,0,0,0,0,Moreland Blues FC,Altona Knights FC,6,6,1,2025,2,21,4,6,0,3,0,W,L,0.7875,0.345679012,5.625,3.617283951,2.425,5.555555556,0.8,0.2,1746.576958,1388.290314,11,1,12,6.2,3
215815,878,20,16,2/28/2025,12,1,5,1,0,0,0,0,0,0,Western United FC,Pascoe Vale FC,4,0,1,2025,2,28,4,2,2,1,1,W,L,0.366666667,0.571428571,3.616666667,5.333333333,4.4,4.047619048,0.8,0.6,1489.202461,1553.800336,2,1,3,5.4,6.8
215813,878,22,329,2/28/2025,12,1,5,0,0,0,0,0,0,0,FC Carlton Heart,Melbourne AKU FC,13,9,0,2025,2,28,4,2,11,0,3,L,W,0.265625,0,3.28125,0,5.921875,0,0,0,1329.727668,1500,0,0,0,3.8,0
215814,878,17,18,2/28/2025,12,1,5,0,0,0,0,0,0,0,Fitzroy FC,Moreland Blues FC,1,1,0,2025,2,28,4,0,1,0,3,L,W,0.962962963,0.790123457,6.740740741,5.62962963,1.87654321,2.395061728,1,0.8,1932.056742,1750.186528,11,1,12,10.8,6.4
215818,878,16,17,3/7/2025,12,1,6,0,0,0,0,0,0,0,Pascoe Vale FC,Fitzroy FC,8,4,0,2025,3,7,4,2,6,0,3,L,W,0.545454545,0.951219512,5.181818182,6.658536585,3.954545455,1.865853659,0.6,0.8,1534.859306,1908.37083,0,3,3,6.6,8.8
215819,878,331,329,3/7/2025,12,1,6,0,0,0,0,0,0,0,Hume FC,Melbourne AKU FC,6,4,0,2025,3,7,4,1,5,0,3,L,W,0.402439024,1,3.317073171,11,4.353658537,2,0.2,1,1408.878399,1508.731481,0,0,0,1.4,11
215817,878,18,20,3/7/2025,12,1,6,0,0,0,0,0,0,0,Moreland Blues FC,Western United FC,3,3,1,2025,3,7,4,3,0,3,0,W,L,0.792682927,0.37704918,5.573170732,3.590163934,2.365853659,4.360655738,0.8,1,1773.87244,1508.143491,7,2,9,5.8,5.8
215822,878,18,16,3/14/2025,12,1,7,0,0,0,0,0,0,0,Moreland Blues FC,Pascoe Vale FC,8,4,1,2025,3,14,4,6,2,3,0,W,L,0.795180723,0.52173913,5.542168675,5.043478261,2.337349398,4.043478261,1,0.6,1779.569836,1531.521021,3,0,3,6,6.4
215823,878,331,22,3/14/2025,12,1,7,1,0,0,0,0,0,0,Hume FC,FC Carlton Heart,14,0,1,2025,3,14,4,7,7,1,1,W,L,0.397590361,0.261538462,3.289156627,3.261538462,4.361445783,6,0,0,1397.354243,1320.996187,7,2,9,0.8,3
215821,878,17,20,3/14/2025,12,1,7,0,0,0,0,0,0,0,Fitzroy FC,Western United FC,13,1,0,2025,3,14,4,6,7,0,3,L,W,0.951807229,0.370967742,6.65060241,3.532258065,1.86746988,4.338709677,0.8,0.8,1911.709114,1502.446096,9,0,9,9,5
217713,878,20,329,3/21/2025,11,1,8,0,0,0,0,0,0,0,Western United FC,Melbourne AKU FC,6,2,1,2025,3,21,4,4,2,3,0,W,L,0.380952381,1,3.587301587,8,4.365079365,1.5,0.8,1,1531.67498,1520.255637,0,0,0,5.2,8
217714,878,17,331,3/21/2025,11,1,8,0,0,0,0,0,0,0,Fitzroy FC,Hume FC,8,2,1,2025,3,21,4,5,3,3,0,W,L,0.94047619,0.404761905,6.642857143,3.333333333,1.928571429,4.392857143,0.6,0.2,1882.48023,1409.893368,12,1,13,9.4,2.2
217712,878,18,22,3/21/2025,11,1,8,0,0,0,0,0,0,0,Moreland Blues FC,FC Carlton Heart,17,5,1,2025,3,21,4,11,6,3,0,W,L,0.797619048,0.257575758,5.547619048,3.318181818,2.333333333,6.015151515,1,0,1785.759552,1308.457062,9,1,10,5,4.4
217716,878,22,20,3/28/2025,11,1,9,0,0,0,0,0,0,0,FC Carlton Heart,Western United FC,6,4,0,2025,3,28,4,1,5,0,3,L,W,0.253731343,0.390625,3.358208955,3.59375,6.089552239,4.328125,0,0.8,1306.5299,1547.149289,2,5,7,5,4
217717,878,18,331,3/28/2025,11,1,9,0,0,0,0,0,0,0,Moreland Blues FC,Hume FC,10,8,1,2025,3,28,4,9,1,3,0,W,L,0.8,0.4,5.611764706,3.329411765,2.376470588,4.4,1,0.2,1787.686714,1407.916452,12,1,13,5.4,2.8
217718,878,16,329,3/28/2025,11,1,9,0,0,0,0,0,0,0,Pascoe Vale FC,Melbourne AKU FC,9,3,1,2025,3,28,4,6,3,3,0,W,L,0.5,0.666666667,4.916666667,6,4.125,2.333333333,0.4,0.666666667,1525.331305,1504.781328,0,0,0,5,6
217720,878,331,329,4/4/2025,11,1,10,0,0,0,0,0,0,0,Hume FC,Melbourne AKU FC,9,1,1,2025,4,4,4,5,4,3,0,W,L,0.395348837,0.5,3.302325581,5.25,4.453488372,3.25,0.2,0.5,1404.684367,1489.726587,0,1,1,2.8,5.25
217721,878,17,16,4/4/2025,11,1,10,0,0,0,0,0,0,0,Fitzroy FC,Pascoe Vale FC,6,2,0,2025,4,4,4,2,4,0,3,L,W,0.941176471,0.52,6.623529412,4.96,1.941176471,4.08,0.6,0.4,1884.457146,1540.386045,4,0,4,7.4,3
217722,878,18,20,4/4/2025,11,1,10,0,0,0,0,0,0,0,Moreland Blues FC,Western United FC,7,1,1,2025,4,4,4,4,3,3,0,W,L,0.802325581,0.4,5.651162791,3.615384615,2.360465116,4.276923077,1,0.8,1790.918799,1553.555322,8,2,10,6,3.6
217724,878,17,329,4/11/2025,11,1,11,0,0,0,0,0,0,0,Fitzroy FC,Melbourne AKU FC,10,6,1,2025,4,11,4,8,2,3,0,W,L,0.930232558,0.4,6.569767442,5,1.965116279,3.6,0.4,0.4,1856.337192,1469.886631,0,0,0,3.8,5
217725,878,20,331,4/11/2025,11,1,11,0,0,0,0,0,0,0,Western United FC,Hume FC,6,2,1,2025,4,11,4,4,2,3,0,W,L,0.393939394,0.402298851,3.606060606,3.32183908,4.272727273,4.448275862,0.6,0.4,1547.05272,1424.524323,4,6,10,3.8,3.4
217726,878,22,16,4/11/2025,11,1,11,0,0,0,0,0,0,0,FC Carlton Heart,Pascoe Vale FC,11,9,0,2025,4,11,4,1,10,0,3,L,W,0.25,0.538461538,3.323529412,4.923076923,6.073529412,4,0,0.4,1300.123868,1568.505999,0,1,1,3.6,3.2
217729,878,16,18,5/2/2025,11,1,12,0,0,0,0,0,0,0,Pascoe Vale FC,Moreland Blues FC,13,5,0,2025,5,2,4,4,9,0,3,L,W,0.555555556,0.804597701,5.111111111,5.632183908,3.888888889,2.367816092,0.6,1,1574.132223,1797.421401,0,4,4,4.8,6.6
217730,878,331,22,5/2/2025,11,1,12,0,0,0,0,0,0,0,Hume FC,FC Carlton Heart,8,4,1,2025,5,2,4,6,2,3,0,W,L,0.397727273,0.246376812,3.306818182,3.289855072,4.443181818,6.130434783,0.4,0,1413.944114,1294.497644,8,2,10,3.6,3.4
217728,878,20,17,5/2/2025,11,1,12,0,0,0,0,0,0,0,Western United FC,Fitzroy FC,7,3,0,2025,5,2,4,2,5,0,3,L,W,0.402985075,0.931034483,3.611940299,6.586206897,4.23880597,1.965517241,0.8,0.6,1557.632928,1859.459243,1,9,10,4.6,5.4
217732,878,17,22,5/9/2025,11,1,13,0,0,0,0,0,0,0,Fitzroy FC,FC Carlton Heart,25,19,1,2025,5,9,4,22,3,3,0,W,L,0.931818182,0.242857143,6.568181818,3.271428571,1.965909091,6.128571429,0.6,0,1864.247623,1283.791417,10,0,10,5.2,3.4
217733,878,331,16,5/9/2025,11,1,13,0,0,0,0,0,0,0,Hume FC,Pascoe Vale FC,7,1,1,2025,5,9,4,4,3,3,0,W,L,0.404494382,0.535714286,3.337078652,5.071428571,4.415730337,4.071428571,0.4,0.6,1424.650341,1567.199746,1,3,4,3.4,5.2
217734,878,18,329,5/9/2025,11,1,13,0,0,0,0,0,0,0,Moreland Blues FC,Melbourne AKU FC,11,5,1,2025,5,9,4,8,3,3,0,W,L,0.806818182,0.333333333,5.670454545,4.5,2.386363636,4.333333333,1,0.2,1804.353878,1466.76458,0,0,0,7.8,3.2
217736,878,329,22,5/16/2025,11,1,14,0,0,0,0,0,0,0,Melbourne AKU FC,FC Carlton Heart,7,1,0,2025,5,16,4,3,4,0,3,L,W,0.285714286,0.23943662,4.285714286,3.267605634,4.857142857,6.352112676,0,0,1462.755507,1282.697697,1,0,1,2.8,2.6
217737,878,17,18,5/16/2025,11,1,14,1,0,0,0,0,0,0,Fitzroy FC,Moreland Blues FC,6,0,1,2025,5,16,4,3,3,1,1,W,L,0.93258427,0.808988764,6.741573034,5.696629213,1.97752809,2.393258427,0.8,1,1865.341343,1808.362952,11,2,13,8.4,8.2
217738,878,20,16,5/16/2025,11,1,14,0,0,0,0,0,0,0,Western United FC,Pascoe Vale FC,7,1,0,2025,5,16,4,3,4,0,3,L,W,0.397058824,0.517241379,3.588235294,5,4.25,4.068965517,0.6,0.6,1552.844548,1544.980241,3,1,4,3.6,5.4
228336,878,18,331,5/23/2025,11,1,15,0,0,0,0,0,0,0,Moreland Blues FC,Hume FC,4,4,1,2025,5,23,4,4,0,3,0,W,L,0.8,0.411111111,5.666666667,3.344444444,2.4,4.4,0.8,0.6,1794.96363,1446.869846,13,1,14,6.6,3.6
228337,878,16,329,5/23/2025,11,1,15,0,0,0,0,0,0,0,Pascoe Vale FC,Melbourne AKU FC,5,1,1,2025,5,23,4,3,2,3,0,W,L,0.533333333,0.25,4.966666667,4.125,4.033333333,4.75,0.6,0,1561.342344,1439.133959,1,0,1,5,3
228338,878,20,22,5/23/2025,11,1,15,0,0,0,0,0,0,0,Western United FC,FC Carlton Heart,8,6,1,2025,5,23,4,7,1,3,0,W,L,0.391304348,0.25,3.579710145,3.277777778,4.246376812,6.305555556,0.4,0.2,1536.482446,1306.319244,6,2,8,3.4,2.2
228342,878,329,17,5/30/2025,11,1,16,0,0,0,0,0,0,0,Melbourne AKU FC,Fitzroy FC,8,6,0,2025,5,30,4,1,7,0,3,L,W,0.222222222,0.933333333,3.888888889,6.7,4.555555556,1.988888889,0,0.8,1428.5407,1878.740664,0,1,1,2.8,8
228340,878,22,16,5/30/2025,11,1,16,0,0,0,0,0,0,0,FC Carlton Heart,Pascoe Vale FC,14,4,0,2025,5,30,4,5,9,0,3,L,W,0.246575342,0.548387097,3.246575342,4.903225806,6.315068493,3.967741935,0.2,0.6,1299.599247,1571.935603,0,2,2,2.2,4.8
228341,878,331,20,5/30/2025,11,1,16,0,0,0,0,0,0,0,Hume FC,Western United FC,7,7,1,2025,5,30,4,7,0,3,0,W,L,0.406593407,0.4,3.307692308,3.628571429,4.395604396,4.2,0.6,0.4,1443.068064,1543.202443,6,5,11,3.4,3.8
228346,878,18,329,6/6/2025,11,1,17,0,0,0,0,0,0,0,Moreland Blues FC,Melbourne AKU FC,17,11,1,2025,6,6,4,14,3,3,0,W,L,0.802197802,0.2,5.648351648,3.6,2.373626374,4.8,0.8,0,1798.765412,1426.310824,1,0,1,5.6,2.2
228345,878,16,331,6/6/2025,11,1,17,0,0,0,0,0,0,0,Pascoe Vale FC,Hume FC,3,3,1,2025,6,6,4,3,0,3,0,W,L,0.5625,0.413043478,5.03125,3.347826087,4,4.347826087,0.6,0.6,1577.457055,1463.555846,3,2,5,4.6,3.8
228344,878,17,22,6/6/2025,11,1,17,0,0,0,0,0,0,0,Fitzroy FC,FC Carlton Heart,15,13,1,2025,6,6,4,14,1,3,0,W,L,0.934065934,0.243243243,6.703296703,3.27027027,1.978021978,6.351351351,1,0.2,1880.97054,1294.077795,11,0,11,9,3
228348,878,20,17,6/13/2025,11,1,18,0,0,0,0,0,0,0,Western United FC,Fitzroy FC,9,5,0,2025,6,13,4,2,7,0,3,L,W,0.394366197,0.934782609,3.577464789,6.782608696,4.23943662,1.967391304,0.4,1,1522.714661,1882.02579,1,10,11,3.2,10.2
228349,878,18,16,6/13/2025,11,1,18,0,0,0,0,0,0,0,Moreland Blues FC,Pascoe Vale FC,5,3,0,2025,6,13,4,1,4,0,3,L,W,0.804347826,0.575757576,5.739130435,4.96969697,2.380434783,3.878787879,0.8,0.8,1802.121933,1588.391883,5,0,5,7.6,4.4
228350,878,331,22,6/13/2025,11,1,18,0,0,0,0,0,0,0,Hume FC,FC Carlton Heart,18,14,1,2025,6,13,4,16,2,3,0,W,L,0.408602151,0.24,3.311827957,3.24,4.333333333,6.453333333,0.6,0.2,1452.621017,1293.022546,9,2,11,3.4,2.8
228352,878,22,18,6/20/2025,11,1,19,0,0,0,0,0,0,0,FC Carlton Heart,Moreland Blues FC,24,18,0,2025,6,20,4,3,21,0,3,L,W,0.236842105,0.795698925,3.223684211,5.688172043,6.578947368,2.397849462,0.2,0.6,1283.895562,1777.357896,1,10,11,2.6,6
228353,878,331,17,6/20/2025,11,1,19,0,0,0,0,0,0,0,Hume FC,Fitzroy FC,6,4,0,2025,6,20,4,1,5,0,3,L,W,0.414893617,0.935483871,3.446808511,6.784946237,4.308510638,1.967741935,0.6,1,1461.748001,1885.616516,1,13,14,5.4,10.6
228354,878,329,20,6/20/2025,11,1,19,0,0,0,0,0,0,0,Melbourne AKU FC,Western United FC,9,1,1,2025,6,20,4,5,4,3,0,W,L,0.181818182,0.388888889,3.545454545,3.555555556,5.636363636,4.277777778,0,0.2,1422.954304,1519.123935,0,1,1,2.4,2.8
228356,878,329,22,6/27/2025,11,1,20,0,0,0,0,0,0,0,Melbourne AKU FC,FC Carlton Heart,11,3,1,2025,6,27,4,7,4,3,0,W,L,0.25,0.233766234,3.666666667,3.220779221,5.5,6.766233766,0.2,0,1443.273334,1282.130142,1,1,2,2.8,2.4
228357,878,17,18,6/27/2025,11,1,20,1,0,0,0,0,0,0,Fitzroy FC,Moreland Blues FC,6,0,1,2025,6,27,4,3,3,1,1,W,L,0.936170213,0.79787234,6.765957447,5.85106383,1.957446809,2.404255319,1,0.6,1888.182089,1779.123316,12,2,14,7.2,8.6
228358,878,20,16,6/27/2025,11,1,20,1,0,0,0,0,0,0,Western United FC,Pascoe Vale FC,10,0,1,2025,6,27,4,5,5,1,1,W,L,0.383561644,0.588235294,3.561643836,4.941176471,4.287671233,3.794117647,0.2,1,1498.804904,1613.15592,3,2,5,3.2,4.6
228361,878,16,17,7/4/2025,11,1,21,0,0,0,0,0,0,0,Pascoe Vale FC,Fitzroy FC,7,3,0,2025,7,4,4,2,5,0,3,L,W,0.571428571,0.936842105,4.942857143,6.726315789,3.828571429,1.968421053,0.8,1,1592.072118,1899.318447,1,4,5,4.8,7.2
228362,878,18,20,7/4/2025,11,1,21,0,0,0,0,0,0,0,Moreland Blues FC,Western United FC,15,1,1,2025,7,4,4,8,7,3,0,W,L,0.789473684,0.391891892,5.821052632,3.581081081,2.410526316,4.297297297,0.6,0.4,1767.986958,1519.888707,9,2,11,8.6,3.6
228360,878,329,331,7/4/2025,11,1,21,0,0,0,0,0,0,0,Melbourne AKU FC,Hume FC,6,4,1,2025,7,4,4,5,1,3,0,W,L,0.307692308,0.410526316,3.923076923,3.421052632,5.384615385,4.315789474,0.4,0.4,1452.342418,1459.182428,1,1,2,3.6,4.8
234582,948,17,329,8/15/2025,12,1,1,0,0,0,0,0,0,0,Fitzroy FC,Melbourne AKU FC,11,5,1,2025,8,15,4,8,3,3,0,W,L,0.9375,0.357142857,6.708333333,4,1.96875,5.071428571,1,0.6,1903.981168,1468.657371,2,0,2,6.8,4.2
234583,948,331,343,8/15/2025,12,1,1,0,0,0,0,0,0,0,Hume FC,Northern Phoenix FC,7,5,0,2025,8,15,4,1,6,0,3,L,W,0.40625,0,3.395833333,0,4.322916667,0,0.4,0,1442.867475,1500,0,0,0,5,0
234584,948,344,16,8/15/2025,12,1,1,0,0,0,0,0,0,0,Thornbury Utd FC ,Pascoe Vale FC,9,1,1,2025,8,15,4,5,4,3,0,W,L,0,0.555555556,0,4.861111111,0,3.861111111,0,0.6,1500,1587.409397,0,0,0,0,4.6
234586,948,343,18,8/22/2025,12,1,2,0,0,0,0,0,0,0,Northern Phoenix FC,Moreland Blues FC,14,12,0,2025,8,22,4,1,13,0,3,L,W,1,0.791666667,6,5.84375,1,2.458333333,1,0.6,1513.392411,1774.175253,0,0,0,6,9.4
234587,948,17,331,8/22/2025,12,1,2,0,0,0,0,0,0,0,Fitzroy FC,Hume FC,9,7,1,2025,8,22,4,8,1,3,0,W,L,0.93814433,0.402061856,6.721649485,3.371134021,1.979381443,4.340206186,1,0.2,1906.395371,1429.475063,14,1,15,5.6,3.8
234588,948,329,344,8/22/2025,12,1,2,0,0,0,0,0,0,0,Melbourne AKU FC,Thornbury Utd FC ,9,1,1,2025,8,22,4,5,4,3,0,W,L,0.333333333,1,3.933333333,5,5.266666667,4,0.6,1,1466.243168,1519.94252,0,0,0,4.6,5
234590,948,344,331,8/29/2025,12,1,3,1,0,0,0,0,0,0,Thornbury Utd FC ,Hume FC,9,1,0,2025,8,29,4,4,5,0,3,L,W,0.5,0.397959184,4.5,3.346938776,4.5,4.37755102,0.5,0.2,1501.489079,1427.543913,0,0,0,4.5,4
234591,948,16,17,8/29/2025,12,1,3,0,0,0,0,0,0,0,Pascoe Vale FC,Fitzroy FC,7,5,0,2025,8,29,4,1,6,0,3,L,W,0.540540541,0.93877551,4.837837838,6.734693878,3.891891892,1.969387755,0.4,1,1567.466877,1908.326521,1,5,6,3.6,5.8
234592,948,18,329,8/29/2025,12,1,3,1,0,0,0,0,0,0,Moreland Blues FC,Melbourne AKU FC,8,0,1,2025,8,29,4,4,4,1,1,W,L,0.793814433,0.375,5.917525773,4,2.443298969,5.1875,0.6,0.8,1780.007208,1484.69661,2,0,2,9.2,5
234594,948,17,343,9/5/2025,12,1,4,0,0,0,0,0,0,0,Fitzroy FC,Northern Phoenix FC,15,1,1,2025,9,5,4,8,7,3,0,W,L,0.939393939,0.5,6.727272727,3.5,1.95959596,7,1,0.5,1912.270041,1507.560456,0,0,0,6,3.5
234595,948,18,331,9/5/2025,12,1,4,0,0,0,0,0,0,0,Moreland Blues FC,Hume FC,10,2,1,2025,9,5,4,6,4,3,0,W,L,0.795918367,0.404040404,5.897959184,3.363636364,2.459183673,4.373737374,0.8,0.2,1784.950329,1446.898712,14,1,15,9.8,1.8
234596,948,329,16,9/5/2025,12,1,4,0,0,0,0,0,0,0,Melbourne AKU FC,Pascoe Vale FC,5,3,0,2025,9,5,4,1,4,0,3,L,W,0.352941176,0.526315789,4,4.736842105,5.117647059,3.947368421,0.6,0.2,1479.753489,1563.523357,0,2,2,4.8,3.2
234600,948,344,17,9/12/2025,12,1,5,0,0,0,0,0,0,0,Thornbury Utd FC ,Fitzroy FC,5,5,0,2025,9,12,4,0,5,0,3,L,W,0.333333333,0.94,4.333333333,6.74,4.666666667,2.01,0.333333333,1,1482.13428,1915.108226,0,0,0,4.333333333,7
234598,948,343,329,9/12/2025,12,1,5,0,0,0,0,0,0,0,Northern Phoenix FC,Melbourne AKU FC,10,2,0,2025,9,12,4,4,6,0,3,L,W,0.333333333,0.333333333,4.666666667,3.833333333,7.333333333,5.055555556,0.333333333,0.4,1504.722272,1467.538177,0,0,0,4.666666667,3.6
234599,948,18,16,9/12/2025,12,1,5,0,0,0,0,0,0,0,Moreland Blues FC,Pascoe Vale FC,10,4,0,2025,9,12,4,3,7,0,3,L,W,0.797979798,0.538461538,5.898989899,4.717948718,2.474747475,3.871794872,0.8,0.2,1788.950079,1575.738668,5,1,6,6.8,3.2
234602,948,344,18,9/19/2025,12,1,6,0,0,0,0,0,0,0,Thornbury Utd FC ,Moreland Blues FC,9,7,0,2025,9,19,4,1,8,0,3,L,W,0.25,0.79,3.25,5.87,4.75,2.52,0.25,0.8,1479.68971,1764.202774,0,0,0,3.25,6.8
234603,948,329,331,9/19/2025,12,1,6,0,0,0,0,0,0,0,Melbourne AKU FC,Hume FC,11,5,1,2025,9,19,4,8,3,3,0,W,L,0.368421053,0.4,3.947368421,3.37,5,4.39,0.4,0.2,1485.24406,1442.898962,2,1,3,3.8,2.4
234604,948,16,343,9/19/2025,12,1,6,1,0,0,0,0,0,0,Pascoe Vale FC,Northern Phoenix FC,6,0,1,2025,9,19,4,3,3,1,1,W,L,0.55,0.25,4.775,4.5,3.85,7,0.4,0.25,1600.485974,1487.016389,0,0,0,3.6,4.5
234606,948,344,343,10/3/2025,12,1,7,0,0,0,0,0,0,0,Thornbury Utd FC ,Northern Phoenix FC,9,1,1,2025,10,3,4,5,4,3,0,W,L,0.2,0.2,2.8,4.2,5.4,6.2,0.2,0.2,1474.481193,1476.063669,0,0,0,2.8,4.2
234607,948,18,17,10/3/2025,12,1,7,1,0,0,0,0,0,0,Moreland Blues FC,Fitzroy FC,10,0,1,2025,10,3,4,5,5,1,1,W,L,0.792079208,0.940594059,5.891089109,6.722772277,2.504950495,1.99009901,0.8,1,1769.411291,1917.552796,2,13,15,6.8,7
234608,948,331,16,10/3/2025,12,1,7,1,0,0,0,0,0,0,Hume FC,Pascoe Vale FC,4,0,1,2025,10,3,4,2,2,1,1,W,L,0.396039604,0.56097561,3.366336634,4.731707317,4.425742574,3.829268293,0.2,0.6,1428.839427,1611.438694,2,4,6,2.8,3.8
234610,948,343,18,10/10/2025,12,1,8,0,0,0,0,0,0,0,Northern Phoenix FC,Moreland Blues FC,15,11,0,2025,10,10,4,2,13,0,3,L,W,0.166666667,0.794117647,4.166666667,5.882352941,6,2.529411765,0,0.8,1459.990794,1791.84803,0,1,1,3.8,5.2
234611,948,331,17,10/10/2025,12,1,8,0,0,0,0,0,0,0,Hume FC,Fitzroy FC,6,4,0,2025,10,10,4,1,5,0,3,L,W,0.401960784,0.931372549,3.352941176,6.705882353,4.401960784,2.019607843,0.4,0.8,1452.55114,1895.116056,1,15,16,3,6.4
234612,948,16,329,10/10/2025,12,1,8,0,0,0,0,0,0,0,Pascoe Vale FC,Melbourne AKU FC,8,2,1,2025,10,10,4,5,3,3,0,W,L,0.547619048,0.4,4.666666667,4.15,3.785714286,4.9,0.6,0.6,1587.726981,1499.303595,3,0,3,3.4,4.8
234616,948,344,343,10/17/2025,12,1,9,0,0,0,0,0,0,0,Thornbury Utd FC ,Northern Phoenix FC,10,6,0,2025,10,17,4,2,8,0,3,L,W,0.333333333,0.142857143,3.166666667,3.857142857,5.166666667,7,0.2,0,1490.554069,1455.86457,1,0,1,2.8,4
234615,948,17,329,10/17/2025,12,1,9,0,0,0,0,0,0,0,Fitzroy FC,Melbourne AKU FC,3,1,1,2025,10,17,4,2,1,3,0,W,L,0.932038835,0.380952381,6.689320388,4.095238095,2.009708738,4.904761905,0.8,0.4,1897.43885,1487.289944,3,0,3,5.8,4.4
234614,948,331,16,10/17/2025,12,1,9,1,0,0,0,0,0,0,Hume FC,Pascoe Vale FC,8,0,1,2025,10,17,4,4,4,1,1,W,L,0.398058252,0.558139535,3.330097087,4.674418605,4.40776699,3.76744186,0.4,0.8,1450.228346,1599.740632,3,4,7,3,4.2
234618,948,18,331,10/24/2025,12,1,10,0,0,0,0,0,0,0,Moreland Blues FC,Hume FC,7,1,1,2025,10,24,4,4,3,3,0,W,L,0.796116505,0.403846154,5.951456311,3.336538462,2.524271845,4.403846154,0.8,0.4,1795.974254,1472.717912,15,1,16,7,2.8
234619,948,16,343,10/24/2025,12,1,10,0,0,0,0,0,0,0,Pascoe Vale FC,Northern Phoenix FC,9,3,1,2025,10,24,4,6,3,3,0,W,L,0.545454545,0.25,4.659090909,4.375,3.772727273,6.375,0.6,0.2,1577.251066,1473.456793,1,0,1,4.2,4.2
234620,948,344,329,10/24/2025,12,1,10,0,0,0,0,0,0,0,Thornbury Utd FC ,Melbourne AKU FC,6,2,0,2025,10,24,4,2,4,0,3,L,W,0.285714286,0.363636364,3,3.954545455,5.571428571,4.772727273,0.2,0.4,1472.961846,1484.531709,0,1,1,2.4,3.8
234622,948,344,17,10/31/2025,12,1,11,0,0,0,0,0,0,0,Thornbury Utd FC ,Fitzroy FC,15,9,0,2025,10,31,4,3,12,0,3,L,W,0.25,0.932692308,2.875,6.644230769,5.375,2,0.2,0.8,1457.494461,1900.197085,0,1,1,2,5
234623,948,18,16,10/31/2025,12,1,11,0,0,0,0,0,0,0,Moreland Blues FC,Pascoe Vale FC,8,2,1,2025,10,31,4,5,3,3,0,W,L,0.798076923,0.555555556,5.932692308,4.688888889,2.528846154,3.755555556,0.8,0.6,1800.28172,1588.608463,5,2,7,6.6,4
234624,948,329,331,10/31/2025,12,1,11,0,0,0,0,0,0,0,Melbourne AKU FC,Hume FC,5,5,0,2025,10,31,4,0,5,0,3,L,W,0.391304348,0.4,3.956521739,3.333333333,4.652173913,4.4,0.6,0.4,1499.999094,1468.410446,3,1,4,4.4,2.6
234626,948,344,331,11/7/2025,12,1,12,0,0,0,0,0,0,0,Thornbury Utd FC ,Hume FC,2,2,0,2025,11,7,4,0,2,0,3,L,W,0.222222222,0.405660377,2.888888889,3.349056604,6.111111111,4.358490566,0.2,0.6,1455.173374,1485.861162,0,1,1,2.6,3
234627,948,18,329,11/7/2025,12,1,12,0,0,0,0,0,0,0,Moreland Blues FC,Melbourne AKU FC,11,5,0,2025,11,7,4,3,8,0,3,L,W,0.8,0.375,5.923809524,3.791666667,2.533333333,4.666666667,1,0.4,1807.584197,1482.548378,3,0,3,7,3.2
234628,948,17,343,11/7/2025,12,1,12,0,0,0,0,0,0,0,Fitzroy FC,Northern Phoenix FC,15,11,1,2025,11,7,4,13,2,3,0,W,L,0.933333333,0.222222222,6.695238095,4.222222222,2.00952381,6.333333333,0.8,0.2,1902.518172,1462.099397,1,0,1,5.8,4
234632,948,329,343,11/14/2025,12,1,13,0,0,0,0,0,0,0,Melbourne AKU FC,Northern Phoenix FC,10,2,0,2025,11,14,4,4,6,0,3,L,W,0.4,0.2,3.96,4,4.6,7,0.4,0.2,1510.278953,1459.749849,1,0,1,3.2,3.8
234630,948,344,18,11/14/2025,12,1,13,0,0,0,0,0,0,0,Thornbury Utd FC ,Moreland Blues FC,16,4,0,2025,11,14,4,6,10,0,3,L,W,0.2,0.79245283,2.6,5.896226415,5.7,2.58490566,0.2,0.8,1440.582935,1779.853622,0,1,1,2.4,6
234631,948,16,17,11/14/2025,12,1,13,0,0,0,0,0,0,0,Pascoe Vale FC,Fitzroy FC,11,5,0,2025,11,14,4,3,8,0,3,L,W,0.543478261,0.933962264,4.652173913,6.754716981,3.782608696,2.009433962,0.4,0.8,1581.305985,1904.867721,1,6,7,4,7.4
234634,948,16,344,11/21/2025,12,1,14,0,0,0,0,0,0,0,Pascoe Vale FC,Thornbury Utd FC ,5,1,1,2025,11,21,4,3,2,3,0,W,L,0.531914894,0.181818182,4.617021277,2.909090909,3.872340426,6.090909091,0.4,0,1577.005068,1436.60768,0,1,1,4.2,2.6
234635,948,17,18,11/21/2025,12,1,14,0,0,0,0,0,0,0,Fitzroy FC,Moreland Blues FC,3,1,0,2025,11,21,4,1,2,0,3,L,W,0.934579439,0.794392523,6.76635514,5.934579439,2.018691589,2.61682243,1,0.8,1909.168638,1783.828876,13,3,16,8,7
234636,948,331,343,11/21/2025,12,1,14,0,0,0,0,0,0,0,Hume FC,Northern Phoenix FC,9,1,1,2025,11,21,4,5,4,3,0,W,L,0.411214953,0.272727273,3.336448598,4.181818182,4.317757009,6.727272727,0.6,0.4,1500.451601,1478.060532,0,1,1,3,4.2
250457,1028,331,344,2/8/2026,11,1,1,0,0,0,0,0,0,0,Hume FC,Thornbury Utd FC ,5,3,1,2026,2,8,6,4,1,3,0,W,L,0.416666667,0.166666667,3.351851852,2.833333333,4.314814815,5.833333333,0.8,0,1515.421879,1426.742853,2,0,2,3.8,2.6
250458,1028,18,17,2/8/2026,11,1,1,0,0,0,0,0,0,0,Moreland Blues FC,Fitzroy FC,6,4,0,2026,2,8,6,1,5,0,3,L,W,0.796296296,0.925925926,5.898148148,6.712962963,2.601851852,2.018518519,0.8,0.8,1805.362964,1887.63455,4,13,17,4.8,7.2
250459,1028,16,329,2/8/2026,11,1,1,0,0,0,0,0,0,0,Pascoe Vale FC,Melbourne AKU FC,2,2,0,2026,2,8,6,0,2,0,3,L,W,0.541666667,0.384615385,4.583333333,3.961538462,3.833333333,4.653846154,0.4,0.4,1586.869895,1491.968271,4,0,4,3.8,3.4
250463,1028,344,329,2/15/2026,11,1,2,1,0,0,0,0,0,0,Thornbury Utd FC ,Melbourne AKU FC,10,0,1,2026,2,15,6,5,5,1,1,W,L,0.153846154,0.407407407,2.692307692,3.888888889,5.692307692,4.481481481,0,0.6,1414.740242,1512.233109,0,2,2,2.4,3.6
250461,1028,22,17,2/15/2026,11,1,2,0,0,0,0,0,0,0,FC Carlton Heart,Fitzroy FC,10,8,0,2026,2,15,6,1,9,0,3,L,W,0.230769231,0.926605505,3.230769231,6.697247706,6.769230769,2.009174312,0,0.8,1273.061058,1899.915065,0,12,12,3,7.8
250462,1028,16,331,2/15/2026,11,1,2,0,0,0,0,0,101,0,Pascoe Vale FC,Hume FC,6,2,1,2026,2,15,6,4,2,3,0,W,L,0.530612245,0.422018349,4.489795918,3.357798165,3.795918367,4.28440367,0.4,0.8,1566.605056,1527.42449,4,4,8,3,3.8
250467,1028,331,22,3/1/2026,11,1,3,0,0,0,0,0,0,0,Hume FC,FC Carlton Heart,10,2,1,2026,3,1,6,6,4,3,0,W,L,0.418181818,0.227848101,3.345454545,3.202531646,4.281818182,6.797468354,0.8,0,1513.221212,1272.216936,10,2,12,3.6,2.2
250465,1028,344,18,3/1/2026,11,1,3,0,0,0,0,0,0,0,Thornbury Utd FC ,Moreland Blues FC,7,5,0,2026,3,1,6,1,6,0,3,L,W,0.214285714,0.788990826,2.857142857,5.853211009,5.642857143,2.623853211,0.2,0.6,1435.115711,1793.082449,0,2,2,2.8,4.2
250466,1028,16,17,3/1/2026,11,1,3,0,0,0,0,0,0,0,Pascoe Vale FC,Fitzroy FC,3,1,0,2026,3,1,6,1,2,0,3,L,W,0.54,0.927272727,4.48,6.718181818,3.76,2,0.4,0.8,1580.808335,1900.759187,1,7,8,2.6,7.2
250469,1028,331,17,3/8/2026,12,1,4,0,0,0,0,0,0,0,Hume FC,Fitzroy FC,7,1,1,2026,3,8,6,4,3,3,0,W,L,0.423423423,0.927927928,3.369369369,6.675675676,4.279279279,1.990990991,0.8,0.8,1519.6159,1905.138076,1,16,17,3.8,5
250470,1028,329,22,3/8/2026,12,1,4,0,0,0,0,0,0,0,Melbourne AKU FC,FC Carlton Heart,4,2,1,2026,3,8,6,3,1,3,0,W,L,0.392857143,0.225,3.928571429,3.2125,4.5,6.7875,0.4,0,1491.85764,1265.822248,2,1,3,3.8,2.8
250471,1028,16,18,3/8/2026,12,1,4,0,0,0,0,0,0,0,Pascoe Vale FC,Moreland Blues FC,9,5,0,2026,3,8,6,2,7,0,3,L,W,0.529411765,0.790909091,4.411764706,5.854545455,3.725490196,2.609090909,0.4,0.6,1576.429445,1796.69792,2,6,8,2.2,4.4
250474,1028,16,22,3/22/2026,11,1,5,1,0,0,0,0,0,0,Pascoe Vale FC,FC Carlton Heart,12,0,1,2026,3,22,6,6,6,1,1,W,L,0.519230769,0.222222222,4.365384615,3.185185185,3.788461538,6.740740741,0.4,0,1569.402071,1258.975236,3,0,3,2,2.6
250473,1028,18,329,3/22/2026,11,1,5,0,0,0,0,0,0,0,Moreland Blues FC,Melbourne AKU FC,4,4,1,2026,3,22,6,4,0,3,0,W,L,0.792792793,0.413793103,5.864864865,3.896551724,2.603603604,4.379310345,0.8,0.6,1803.725293,1498.704652,3,1,4,5.2,4.4
250475,1028,17,344,3/22/2026,11,1,5,0,0,0,0,0,0,0,Fitzroy FC,Thornbury Utd FC ,10,8,1,2026,3,22,6,9,1,3,0,W,L,0.919642857,0.2,6.642857143,2.733333333,2.008928571,5.666666667,0.6,0.2,1876.275216,1431.50024,2,0,2,4,3
250478,1028,331,18,3/29/2026,11,1,6,0,0,0,0,0,53,51,Hume FC,Moreland Blues FC,3,1,0,2026,3,29,6,1,2,0,3,L,W,0.428571429,0.794642857,3.375,5.848214286,4.267857143,2.580357143,0.8,0.8,1548.47876,1808.439281,1,16,17,4.2,4
250477,1028,344,22,3/29/2026,11,1,6,0,0,0,0,0,57,15,Thornbury Utd FC ,FC Carlton Heart,5,3,1,2026,3,29,6,4,1,3,0,W,L,0.1875,0.219512195,2.625,3.219512195,5.875,6.731707317,0.2,0,1429.204704,1254.384971,0,0,0,2,3.2
250479,1028,17,329,3/29/2026,11,1,6,0,0,0,0,0,38,28,Fitzroy FC,Melbourne AKU FC,12,10,1,2026,3,29,6,11,1,3,0,W,L,0.920353982,0.4,6.663716814,3.766666667,2,4.366666667,0.8,0.4,1878.570753,1493.990664,4,0,4,5.6,2.8
250482,1028,344,16,4/19/2026,12,1,7,1,0,0,0,0,0,0,Thornbury Utd FC ,Pascoe Vale FC,10,0,1,2026,4,19,6,5,5,1,1,W,L,0.235294118,0.528301887,2.705882353,4.396226415,5.588235294,3.830188679,0.4,0.4,1437.770978,1573.992336,1,1,2,2.4,2.6
250481,1028,22,18,4/19/2026,12,1,7,1,0,0,0,0,0,48,FC Carlton Heart,Moreland Blues FC,14,0,1,2026,4,19,6,7,7,1,1,W,L,0.21686747,0.796460177,3.192771084,5.814159292,6.698795181,2.566371681,0,0.8,1245.818696,1814.293845,1,11,12,2.6,4
250483,1028,329,331,4/19/2026,12,1,7,0,0,0,0,0,28,0,Melbourne AKU FC,Hume FC,7,1,0,2026,4,19,6,3,4,0,3,L,W,0.387096774,0.424778761,3.677419355,3.353982301,4.580645161,4.247787611,0.4,0.6,1490.838145,1542.624196,3,2,5,2.2,3.4
250486,1028,18,16,4/26/2026,11,1,8,0,0,0,0,0,51,104,Moreland Blues FC,Pascoe Vale FC,6,4,1,2026,4,26,6,5,1,3,0,W,L,0.789473684,0.518518519,5.824561404,4.407407407,2.605263158,3.851851852,0.8,0.4,1783.462807,1552.021951,7,2,9,5.2,3.6
250485,1028,329,17,4/26/2026,11,1,8,0,0,0,0,0,28,40,Melbourne AKU FC,Fitzroy FC,5,1,0,2026,4,26,6,2,3,0,3,L,W,0.375,0.921052632,3.65625,6.701754386,4.5625,1.99122807,0.2,0.8,1477.205476,1881.723272,0,5,5,2.4,6.8
250487,1028,22,331,4/26/2026,11,1,8,0,0,0,0,0,0,52,FC Carlton Heart,Hume FC,9,3,0,2026,4,26,6,3,6,0,3,L,W,0.226190476,0.429824561,3.238095238,3.359649123,6.702380952,4.236842105,0.2,0.6,1276.649735,1556.256865,2,11,13,3.8,3.4
