homeTeamId,awayTeamId,startDate,homeTeamName,awayTeamName,outcome,home_goals,away_goals,home_win_rate,away_win_rate,home_weighted_form,away_weighted_form,home_attack_strength,away_attack_strength,home_defense_strength,away_defense_strength,home_goal_diff_strength,away_goal_diff_strength,home_scoring_consistency,away_scoring_consistency,home_clean_sheet_rate,away_clean_sheet_rate,home_high_scoring_rate,away_high_scoring_rate,home_elo,away_elo,diff_form,diff_attack,diff_defense,diff_goal_diff,diff_elo,h2h_matches,h2h_home_win_rate
331,17,1/20/2023,Hume FC,Fitzroy FC,0,1,5,0,0,0,0,0,0,2,2,0,0,0,0,0,0,0,0,1500,1500,0,0,0,0,0,0,0.5
21,19,1/20/2023,Campbellfield FC,Altona Knights FC,1,6,5,0,0,0,0,0,0,2,2,0,0,0,0,0,0,0,0,1500,1500,0,0,0,0,0,0,0.5
325,18,1/20/2023,Roxburgh Park Gorillas,Moreland Blues FC,0,1,4,0,0,0,0,0,0,2,2,0,0,0,0,0,0,0,0,1500,1500,0,0,0,0,0,0,0.5
22,331,1/27/2023,FC Carlton Heart,Hume FC,0,2,4,0,0,0,0,0,1,2,7,0,-4,0,0,0,0,0,0,1500,1484,0,-1,-5,4,16,0,0.5
18,19,1/27/2023,Moreland Blues FC,Altona Knights FC,1,4,1,1,0,1,0,4,5,3,8,3,-1,0,0,0,0,1,1,1516,1484,1,-1,-5,4,32,0,0.5
21,325,1/27/2023,Campbellfield FC,Roxburgh Park Gorillas,1,12,3,1,0,1,0,6,1,7,6,1,-3,0,0,0,0,1,0,1516,1484,1,5,1,4,32,0,0.5
325,19,2/3/2023,Roxburgh Park Gorillas,Altona Knights FC,1,3,1,0,0,0,0,2,3,10,7,-6,-2,2,3,0,0,0,0.5,1469.469502,1469.469502,0,-1,3,-4,0,0,0.5
17,22,2/3/2023,Fitzroy FC,FC Carlton Heart,1,7,1,1,0,1,0,5,2,3,6,4,-2,0,0,0,0,1,0,1516,1483.263693,1,3,-3,6,32.73630679,0,0.5
18,21,2/3/2023,Moreland Blues FC,Campbellfield FC,1,5,3,1,1,1,1,4,9,3,6,3,5,4,9,0,0,1,1,1530.530498,1530.530498,0,-5,-3,-2,0,0,0.5
21,20,2/10/2023,Campbellfield FC,Western United FC,1,5,1,0.666666667,0,0.493519609,0,7,0,6.333333333,2,2.666666667,0,7,0,0,0,0.666666667,0,1514.530498,1500,0.493519609,7,4.333333333,2.666666667,14.53049847,0,0.5
331,18,2/10/2023,Hume FC,Moreland Blues FC,1,3,2,0.5,1,0.731058579,1,2.5,4.333333333,5.5,3.666666667,-1,2.666666667,2.5,4.333333333,0,0,0.5,1,1500.736307,1546.530498,-0.268941421,-1.833333333,1.833333333,-3.666666667,-45.79419168,0,0.5
22,19,2/10/2023,FC Carlton Heart,Altona Knights FC,0,5,10,0,0,0,0,1.5,2.333333333,7.5,6.333333333,-4,-2,1.5,2.333333333,0,0,0,0.333333333,1468.76681,1453.469502,0,-0.833333333,1.166666667,-2,15.29730877,0,0.5
17,325,2/10/2023,Fitzroy FC,Roxburgh Park Gorillas,1,4,1,1,0.333333333,1,0.506480391,6,2.333333333,3,7.666666667,5,-3.333333333,6,2.333333333,0,0,1,0,1530.496883,1485.469502,0.493519609,3.666666667,-4.666666667,8.333333333,45.02738138,0,0.5
22,325,2/17/2023,FC Carlton Heart,Roxburgh Park Gorillas,1,9,1,0,0.25,0,0.275819395,2.666666667,2,9,7.25,-4.333333333,-3.25,2.666666667,2,0,0,0.333333333,0,1452.062798,1471.531557,-0.275819395,0.666666667,1.75,-1.083333333,-19.46875918,0,0.5
331,19,2/17/2023,Hume FC,Altona Knights FC,0,0,3,0.666666667,0.25,0.813676277,0.384936974,2.666666667,4.25,5,6.5,-0.333333333,-0.25,2.666666667,4.25,0,0,0.333333333,0.5,1518.833079,1470.173514,0.428739303,-1.583333333,-1.5,-0.083333333,48.6595652,0,0.5
17,21,2/17/2023,Fitzroy FC,Campbellfield FC,1,2,1,1,0.75,1,0.724180605,5.333333333,6.5,3,5.5,4.333333333,3,5.333333333,6.5,0,0,1,0.75,1544.434827,1529.861734,0.275819395,-1.166666667,-2.5,1.333333333,14.57309304,0,0.5
20,18,2/17/2023,Western United FC,Moreland Blues FC,0,2,4,0,0.75,0,0.615063026,1,3.75,7,4,-4,1.75,0,3.75,0,0,0,0.75,1484.668764,1528.433726,-0.615063026,-2.75,3,-5.75,-43.76496198,0,0.5
22,20,2/21/2023,FC Carlton Heart,Western United FC,1,2,1,0.25,0,0.384936974,0,4.25,1.5,7.5,6.5,-1.25,-3,4.25,1.5,0,0,0.5,0,1468.95843,1470.673623,0.384936974,2.75,1,1.75,-1.715192242,0,0.5
19,17,2/24/2023,Altona Knights FC,Fitzroy FC,0,0,7,0.4,1,0.551467394,1,4,4.5,5.6,3,0.4,3.5,4,4.5,0.2,0,0.4,0.75,1488.399832,1559.764105,-0.448532606,-0.5,2.6,-3.1,-71.3642726,0,0.5
22,18,2/24/2023,FC Carlton Heart,Moreland Blues FC,0,3,4,0.4,0.8,0.551467394,0.758554616,3.8,3.8,6.6,4,-0.8,1.8,3.8,3.8,0,0,0.4,0.8,1485.037417,1542.428868,-0.207087222,0,2.6,-2.6,-57.39145085,0,0.5
20,325,2/24/2023,Western United FC,Roxburgh Park Gorillas,0,2,3,0,0.2,0,0.188037854,1.333333333,1.8,5.666666667,8,-2.333333333,-4.2,1.333333333,1.8,0,0,0,0,1454.594636,1454.635925,-0.188037854,-0.466666667,-2.333333333,1.866666667,-0.041289291,0,0.5
21,331,2/24/2023,Campbellfield FC,Hume FC,1,4,3,0.6,0.5,0.501940136,0.473452627,5.4,2,5.2,5,2.2,-1,5.4,2,0,0,0.6,0.25,1514.532457,1500.606761,0.028487509,3.4,0.2,3.2,13.92569602,0,0.5
20,17,2/28/2023,Western United FC,Fitzroy FC,0,2,6,0,1,0,1,1.5,5,5.5,2.8,-2,4.2,1.5,5,0,0.2,0,0.8,1438.596537,1572.52311,-1,-3.5,2.7,-6.2,-133.9265733,0,0.5
21,22,3/3/2023,Campbellfield FC,FC Carlton Heart,1,5,4,0.666666667,0.333333333,0.612110588,0.429483238,5,4,4.8,6.6,2.2,-0.6,5,4,0,0,0.6,0.4,1529.891498,1471.656612,0.18262735,1,-1.8,2.8,58.23488614,0,0.5
20,19,3/3/2023,Western United FC,Altona Knights FC,1,10,5,0,0.333333333,0,0.429483238,1.6,3,6,5.8,-2.4,-0.8,1.6,3,0,0.166666667,0,0.2,1428.475735,1475.640826,-0.429483238,-1.4,0.2,-1.6,-47.16509195,0,0.5
17,18,3/3/2023,Fitzroy FC,Moreland Blues FC,1,4,3,1,0.833333333,1,0.811962146,5.2,3.8,3,4.4,4.2,1.4,5.2,3.8,0.166666667,0,0.8,0.8,1582.643913,1555.809674,0.188037854,1.4,-1.4,2.8,26.83423939,0,0.5
325,331,3/3/2023,Roxburgh Park Gorillas,Hume FC,0,1,3,0.333333333,0.4,0.456466038,0.334481882,2.2,2.2,7.6,5.2,-3.4,-1,2.2,2.2,0,0,0,0.2,1470.634024,1485.247719,0.121984156,0,2.4,-2.4,-14.61369583,0,0.5
331,20,3/7/2023,Hume FC,Western United FC,1,5,3,0.5,0.166666667,0.570516762,0.31002201,2.6,3.4,4.4,6,0.2,-0.6,2.6,3.4,0,0,0.2,0.2,1500.57513,1446.634522,0.260494752,-0.8,-1.6,0.8,53.940608,0,0.5
331,17,3/10/2023,Hume FC,Fitzroy FC,1,2,1,0.571428571,1,0.665518118,1,2.8,4.6,4.6,3.4,0.2,3.2,2.8,4.6,0,0.142857143,0.2,0.8,1514.110841,1597.410602,-0.334481882,-1.8,1.2,-3,-83.29976066,1,0
325,18,3/10/2023,Roxburgh Park Gorillas,Moreland Blues FC,0,4,6,0.285714286,0.714285714,0.355496108,0.543533962,1.8,3.6,5.8,5,-2,0.6,1.8,3.6,0,0,0,0.6,1455.306613,1541.042985,-0.188037854,-1.8,0.8,-2.6,-85.73637214,1,0
22,20,3/10/2023,FC Carlton Heart,Western United FC,0,3,4,0.285714286,0.142857143,0.334481882,0.241445384,4.6,3.6,6.2,6.2,0.4,-0.6,4.6,3.6,0,0,0.6,0.2,1458.313592,1433.098811,0.093036498,1,0,1,25.21478028,1,1
21,19,3/10/2023,Campbellfield FC,Altona Knights FC,0,4,5,0.714285714,0.285714286,0.697911422,0.334481882,3.6,3.8,5,7,0.6,-1.2,3.6,3.8,0,0.142857143,0.6,0.4,1543.234518,1457.482039,0.36342954,-0.2,-2,1.8,85.75247904,1,1
18,19,3/17/2023,Moreland Blues FC,Altona Knights FC,1,9,3,0.75,0.375,0.644503892,0.570516762,3.8,4.6,5.2,7.2,0.6,-0.6,3.8,4.6,0,0.125,0.6,0.6,1553.172918,1477.352804,0.07398713,-0.8,-2,1.2,75.82011363,1,1
22,331,3/17/2023,FC Carlton Heart,Hume FC,0,3,6,0.25,0.625,0.260494752,0.739505248,4.2,2.6,5,4.4,1.2,0.2,4.2,2.6,0,0,0.4,0.2,1441.154443,1533.875085,-0.479010496,1.6,0.6,1,-92.7206428,1,0
21,325,3/17/2023,Campbellfield FC,Roxburgh Park Gorillas,1,5,2,0.625,0.25,0.543533962,0.188037854,3.8,2,5,6.8,0.8,-2.8,3.8,2,0,0,0.8,0.2,1523.363752,1443.17668,0.355496108,1.8,-1.8,3.6,80.18707279,1,1
20,17,3/17/2023,Western United FC,Fitzroy FC,0,2,10,0.25,0.875,0.498059864,0.68997799,4.2,4,6.4,3.6,-0.2,2.4,4.2,4,0,0.125,0.4,0.6,1450.257961,1577.646358,-0.191918126,0.2,2.8,-2.6,-127.3883973,1,0
331,20,3/24/2023,Hume FC,Western United FC,1,3,1,0.666666667,0.222222222,0.885949276,0.387889412,3.8,4.2,4.4,7.8,1.4,-1.6,3.8,4.2,0,0,0.4,0.4,1545.703704,1439.874935,0.498059864,-0.4,-3.4,3,105.8287688,1,1
18,21,3/24/2023,Moreland Blues FC,Campbellfield FC,1,5,2,0.777777778,0.666666667,0.811962146,0.644503892,5.2,3.8,5.2,5.2,2,0.6,5.2,3.8,0,0,0.8,0.8,1565.735664,1535.735201,0.167458254,1.4,0,1.4,30.00046332,1,1
17,22,3/24/2023,Fitzroy FC,FC Carlton Heart,1,7,1,0.888888889,0.222222222,0.758554616,0.114050724,5.6,3,3.8,6,3.8,-1,5.6,3,0.111111111,0,0.8,0.2,1588.029383,1429.325824,0.644503892,2.6,-2.2,4.8,158.7035595,1,1
325,19,3/24/2023,Roxburgh Park Gorillas,Altona Knights FC,1,6,1,0.222222222,0.333333333,0.146444028,0.355496108,2.2,3.2,7,8,-2.8,-2.8,2.2,3.2,0,0.111111111,0.2,0.4,1430.805231,1464.790057,-0.20905208,-1,-1,0,-33.98482647,1,1
325,17,3/31/2023,Roxburgh Park Gorillas,Fitzroy FC,0,0,10,0.3,0.9,0.424072734,0.811962146,3.2,5.6,5.4,4,-0.2,3.6,3.2,5.6,0,0.1,0.4,0.8,1448.365317,1597.190012,-0.387889412,-2.4,1.4,-3.8,-148.8246942,1,0
19,22,3/31/2023,Altona Knights FC,FC Carlton Heart,0,3,4,0.3,0.2,0.188037854,0,2.8,2.8,9.2,7.2,-4.4,-2.4,2.8,2.8,0.1,0,0.4,0.2,1447.229971,1420.165196,0.188037854,0,2,-2,27.06477485,1,1
18,331,3/31/2023,Moreland Blues FC,Hume FC,1,5,1,0.8,0.7,0.853555972,1,5.4,3.8,5.2,3.8,2.2,2,5.4,3.8,0,0,0.8,0.4,1580.357516,1556.975443,-0.146444028,1.6,1.4,0.2,23.38207208,1,0
20,21,3/31/2023,Western United FC,Campbellfield FC,0,1,4,0.2,0.6,0.302088578,0.501940136,4,4,7.2,5.8,-1.2,0.2,4,4,0,0,0.4,0.8,1428.603196,1521.11335,-0.199851558,0,1.4,-1.4,-92.51015421,1,0
22,325,4/14/2023,FC Carlton Heart,Roxburgh Park Gorillas,0,2,5,0.272727273,0.272727273,0.31002201,0.241445384,3,2.6,7,7,-2,-2.4,3,2.6,0,0,0.4,0.4,1437.40906,1438.828406,0.068576626,0.4,0,0.4,-1.419346487,1,1
20,18,4/14/2023,Western United FC,Moreland Blues FC,0,1,6,0.181818182,0.818181818,0.146444028,0.885949276,2.2,5.6,7,4.8,-2.8,2.8,2.2,5.6,0,0,0.2,0.8,1416.765541,1595.282354,-0.739505248,-3.4,2.2,-5.6,-178.5168128,1,0
17,21,4/14/2023,Fitzroy FC,Campbellfield FC,1,4,3,0.909090909,0.636363636,0.853555972,0.612110588,6.4,4,3.6,5.4,4.8,0.6,6.4,4,0.181818182,0,0.8,0.8,1606.726923,1532.951005,0.241445384,2.4,-1.8,4.2,73.77591809,1,1
331,19,4/14/2023,Hume FC,Altona Knights FC,1,3,1,0.636363636,0.272727273,0.68997799,0.146444028,3.4,3.4,4.6,8.6,0.8,-3.2,3.4,3.4,0,0.090909091,0.4,0.4,1542.050605,1429.986107,0.543533962,0,-4,4,112.0644984,1,0
17,19,4/21/2023,Fitzroy FC,Altona Knights FC,1,16,2,0.916666667,0.25,0.885949276,0.114050724,6.4,2.6,3.6,7.2,4.8,-2.6,6.4,2.6,0.166666667,0.083333333,0.8,0.2,1619.379576,1418.975044,0.771898552,3.8,-3.6,7.4,200.4045318,1,1
21,331,4/21/2023,Campbellfield FC,Hume FC,1,5,2,0.583333333,0.666666667,0.387889412,0.758554616,3.6,3,5.4,4.2,0.2,0.8,3.6,3,0,0,0.6,0.2,1520.298351,1553.061667,-0.370665204,0.6,1.2,-0.6,-32.76331596,1,1
20,325,4/21/2023,Western United FC,Roxburgh Park Gorillas,0,1,4,0.166666667,0.333333333,0.114050724,0.498059864,1.8,3.4,7.2,6.8,-3.4,-1.4,1.8,3.4,0,0,0.2,0.6,1408.33211,1454.763043,-0.38400914,-1.6,0.4,-2,-46.4309334,1,0
22,18,4/21/2023,FC Carlton Heart,Moreland Blues FC,0,3,6,0.25,0.833333333,0.241445384,1,2.6,6.2,7,4.2,-2.4,4,2.6,6.2,0,0,0.2,1,1421.474423,1603.715785,-0.758554616,-3.6,2.8,-6.4,-182.2413629,1,0
331,325,5/5/2023,Hume FC,Roxburgh Park Gorillas,1,6,3,0.615384615,0.384615385,0.501940136,0.697911422,3,3.4,5,5.8,0,-0.4,3,3.4,0,0,0.2,0.6,1535.557317,1468.637459,-0.195971286,-0.4,-0.8,0.4,66.9198587,1,1
19,20,5/5/2023,Altona Knights FC,Western United FC,1,4,3,0.230769231,0.153846154,0,0,2,1.2,9.6,7.4,-5.6,-4.2,2,1.2,0.076923077,0,0,0,1411.30054,1394.457694,0,0.8,2.2,-1.4,16.84284518,1,0
22,21,5/5/2023,FC Carlton Heart,Campbellfield FC,1,3,2,0.230769231,0.615384615,0.188037854,0.612110588,2.6,3.8,7.4,4.8,-2.8,1,2.6,3.8,0,0,0.2,0.6,1413.173476,1537.802701,-0.424072734,-1.2,2.6,-3.8,-124.6292247,1,0
20,22,5/12/2023,Western United FC,FC Carlton Heart,0,3,5,0.142857143,0.285714286,0,0.456466038,1.4,2.6,6.2,6.6,-2.8,-2,1.4,2.6,0,0,0,0.2,1379.232729,1434.678737,-0.456466038,-1.2,-0.4,-0.8,-55.44600807,2,0.5
17,331,5/12/2023,Fitzroy FC,Hume FC,1,15,1,0.923076923,0.642857143,1,0.612110588,9.4,3,3.6,5,7.8,0,9.4,3,0.153846154,0,1,0.2,1627.054081,1548.513097,0.387889412,6.4,-1.4,7.8,78.5409842,2,0.5
18,325,5/12/2023,Moreland Blues FC,Roxburgh Park Gorillas,1,6,0,0.846153846,0.357142857,1,0.543533962,6.2,3.6,4,6,4.2,-0.4,6.2,3.6,0,0,1,0.6,1612.016732,1455.681679,0.456466038,2.6,-2,4.6,156.3350528,2,1
19,21,5/12/2023,Altona Knights FC,Campbellfield FC,0,2,5,0.285714286,0.571428571,0.31002201,0.387889412,2.2,3.2,8.4,5,-4.2,0.2,2.2,3.2,0.071428571,0,0.2,0.4,1426.525505,1516.29744,-0.077867402,-1,3.4,-4.4,-89.77193533,2,0.5
20,331,5/19/2023,Western United FC,Hume FC,1,4,3,0.133333333,0.6,0,0.387889412,1.8,2.6,6.6,7.8,-2.8,-3.2,1.8,2.6,0,0,0,0.2,1365.764654,1536.069665,-0.387889412,-0.8,-1.2,0.4,-170.3050104,2,0
21,18,5/19/2023,Campbellfield FC,Moreland Blues FC,1,7,1,0.6,0.857142857,0.612110588,1,3.8,5.6,4.4,3.4,1.4,4.2,3.8,5.6,0,0.071428571,0.6,1,1528.2529,1621.266763,-0.387889412,-1.8,1,-2.8,-93.01386279,2,0
19,325,5/19/2023,Altona Knights FC,Roxburgh Park Gorillas,1,5,2,0.266666667,0.333333333,0.241445384,0.334481882,2.4,2.4,8.2,7,-3.8,-2.6,2.4,2.4,0.066666667,0,0.2,0.4,1414.570046,1446.431648,-0.093036498,0,1.2,-1.2,-31.86160247,2,0
22,17,5/19/2023,FC Carlton Heart,Fitzroy FC,0,2,5,0.333333333,0.928571429,0.665518118,1,3.4,10.4,5.8,3.4,-0.4,9,3.4,10.4,0,0.142857143,0.4,1,1448.146812,1639.497513,-0.334481882,-7,2.4,-9.4,-191.3507011,2,0
18,17,5/21/2023,Moreland Blues FC,Fitzroy FC,0,1,4,0.8,0.933333333,0.68997799,1,4.8,10,4.4,3.6,2.4,8.4,4.8,10,0.066666667,0.133333333,0.8,1,1601.082799,1647.48018,-0.31002201,-5.2,0.8,-6,-46.39738176,1,0
17,20,5/23/2023,Fitzroy FC,Western United FC,1,7,1,0.9375,0.1875,1,0.31002201,8.8,2.4,3.8,6.4,7,-2,8.8,2.4,0.125,0,1,0.2,1661.356113,1389.034368,0.68997799,6.4,-2.6,9,272.3217458,2,1
325,21,5/23/2023,Roxburgh Park Gorillas,Campbellfield FC,0,4,10,0.3125,0.625,0.260494752,0.697911422,2.8,4.4,6,4.4,-1.2,2,2.8,4.4,0,0,0.4,0.6,1428.968466,1548.436864,-0.43741667,-1.6,1.6,-3.2,-119.4683973,2,0
19,18,5/23/2023,Altona Knights FC,Moreland Blues FC,1,7,4,0.3125,0.75,0.498059864,0.448532606,2.8,4,7.8,5,-3,1,2.8,4,0.0625,0.0625,0.4,0.6,1432.033227,1587.206865,0.049527258,-1.2,2.8,-4,-155.1736381,2,0
331,22,5/23/2023,Hume FC,FC Carlton Heart,0,0,2,0.5625,0.3125,0.302088578,0.429483238,3,3,7.6,6.2,-2.6,-1.2,3,3,0,0,0.2,0.2,1512.799951,1440.164145,-0.12739466,0,1.4,-1.4,72.63580672,2,1
21,20,5/26/2023,Campbellfield FC,Western United FC,0,4,5,0.647058824,0.176470588,0.853555972,0.241445384,5.8,2.4,4.4,6.6,3.4,-2.2,5.8,2.4,0,0,0.8,0.2,1559.142191,1383.512532,0.612110588,3.4,-2.2,5.6,175.6296598,2,1
17,325,5/26/2023,Fitzroy FC,Roxburgh Park Gorillas,1,4,1,0.941176471,0.294117647,1,0.114050724,9.4,2.6,3.4,7.6,8,-3,9.4,2.6,0.117647059,0,1,0.4,1666.877949,1418.263139,0.885949276,6.8,-4.2,11,248.6148107,2,1
22,19,5/26/2023,FC Carlton Heart,Altona Knights FC,0,3,4,0.352941176,0.352941176,0.644503892,0.697911422,3,4,5.2,8,-0.2,-2,3,4,0.058823529,0.058823529,0.2,0.6,1459.461251,1454.739168,-0.05340753,-1,-2.8,1.8,4.722082468,2,0.5
331,18,5/26/2023,Hume FC,Moreland Blues FC,0,2,6,0.529411765,0.705882353,0.146444028,0.260494752,2.4,3.6,7.8,6.2,-3.4,-0.6,2.4,3.6,0,0.058823529,0.2,0.6,1493.502845,1564.500924,-0.114050724,-1.2,1.6,-2.8,-70.99807876,2,0.5
18,20,6/2/2023,Moreland Blues FC,Western United FC,1,3,2,0.722222222,0.222222222,0.424072734,0.498059864,3.6,3.2,6,6.6,-0.4,-1.4,3.6,3.2,0.055555556,0,0.6,0.4,1577.276105,1406.975472,-0.07398713,0.4,-0.6,1,170.3006327,2,1
325,22,6/2/2023,Roxburgh Park Gorillas,FC Carlton Heart,1,5,3,0.277777778,0.333333333,0,0.501940136,2,3,8.2,4.8,-4.2,0.2,2,3,0,0.055555556,0.2,0.2,1412.089672,1443.243804,-0.501940136,-1,3.4,-4.4,-31.15413211,2,0.5
19,331,6/2/2023,Altona Knights FC,Hume FC,1,4,3,0.388888889,0.5,0.853555972,0.114050724,4.4,2.4,5.4,8,1,-3.6,4.4,2.4,0.055555556,0,0.8,0.2,1470.956615,1480.727664,0.739505248,2,-2.6,4.6,-9.771049326,2,0.5
21,17,6/2/2023,Campbellfield FC,Fitzroy FC,0,2,3,0.611111111,0.944444444,0.575927266,1,5.6,7,5,3.2,2.6,5.8,5.6,7,0,0.111111111,0.8,1,1535.679251,1673.051416,-0.424072734,-1.4,1.8,-3.2,-137.3721652,2,0
19,17,6/9/2023,Altona Knights FC,Fitzroy FC,0,2,15,0.421052632,0.947368421,0.885949276,1,4.4,4.6,5.4,3.4,1,3.2,4.4,4.6,0.052631579,0.105263158,0.8,0.8,1487.40647,1683.03547,-0.114050724,-0.2,2,-2.2,-195.6290003,2,0
331,21,6/9/2023,Hume FC,Campbellfield FC,0,2,9,0.473684211,0.578947368,0,0.448532606,1.8,5.6,8.2,5,-4.4,2.6,1.8,5.6,0,0,0,0.8,1464.277809,1525.695196,-0.448532606,-3.8,3.2,-7,-61.41738695,2,0
325,20,6/9/2023,Roxburgh Park Gorillas,Western United FC,1,7,6,0.315789474,0.210526316,0.31002201,0.387889412,2.4,3,7.6,6.4,-3.2,-1.4,2.4,3,0,0,0.4,0.4,1429.52054,1398.245026,-0.077867402,-0.6,1.2,-1.8,31.27551445,2,1
18,22,6/9/2023,Moreland Blues FC,FC Carlton Heart,1,9,2,0.736842105,0.315789474,0.551467394,0.302088578,3,3,6.4,5.4,-1.4,-0.4,3,3,0.052631579,0.052631579,0.4,0.2,1586.006552,1425.812936,0.249378816,0,1,-1,160.1936153,2,1
20,19,6/16/2023,Western United FC,Altona Knights FC,1,5,4,0.2,0.4,0.302088578,0.68997799,3.6,4.4,6.8,7.4,-1.2,-1,3.6,4.4,0,0.05,0.6,0.8,1383.681439,1479.570444,-0.387889412,-0.8,-0.6,-0.2,-95.88900538,2,0.5
21,22,6/16/2023,Campbellfield FC,FC Carlton Heart,1,11,5,0.6,0.3,0.570516762,0.146444028,6.4,2.4,5,6.6,3.4,-2.2,6.4,2.4,0,0.05,0.8,0,1538.895919,1416.708287,0.424072734,4,-1.6,5.6,122.1876322,2,0.5
17,18,6/16/2023,Fitzroy FC,Moreland Blues FC,1,4,3,0.95,0.75,1,0.739505248,6.6,4.6,3.4,5.4,5.2,1.2,6.6,4.6,0.1,0.05,0.8,0.6,1690.871496,1595.111202,0.260494752,2,-2,4,95.76029435,2,1
325,331,6/16/2023,Roxburgh Park Gorillas,Hume FC,0,3,4,0.35,0.45,0.551467394,0,3.8,2,7.6,7,-1.8,-3,3.8,2,0,0,0.6,0,1444.084127,1451.077087,0.551467394,1.8,0.6,1.2,-6.992959867,2,0
322,17,7/21/2023,Metropolitan FC,Fitzroy FC,0,2,9,0,0.952380952,0,1,0,6.6,2,3.8,0,4.8,0,6.6,0,0.095238095,0,0.8,1500,1702.569948,-1,-6.6,-1.8,-4.8,-202.5699484,0,0.5
22,19,7/21/2023,FC Carlton Heart,Altona Knights FC,0,1,6,0.285714286,0.380952381,0.114050724,0.448532606,3,4.2,7.8,8,-2.8,-1.8,3,4.2,0.047619048,0.047619048,0.2,0.8,1406.114181,1459.263398,-0.334481882,-1.2,-0.2,-1,-53.14921698,3,0.333333333
21,331,7/21/2023,Campbellfield FC,Hume FC,1,7,3,0.619047619,0.476190476,0.665518118,0.31002201,7.2,2.2,5.8,6.8,3.4,-2.6,7.2,2.2,0,0,0.8,0.2,1549.490024,1466.755093,0.355496108,5,-1,6,82.73493141,3,1
18,325,7/21/2023,Moreland Blues FC,Roxburgh Park Gorillas,1,10,1,0.714285714,0.333333333,0.575927266,0.429483238,5,4,5.4,7.4,1.6,-1.4,5,4,0.047619048,0,0.6,0.6,1583.412749,1428.406121,0.146444028,1,-2,3,155.0066278,3,1
325,21,7/28/2023,Roxburgh Park Gorillas,Campbellfield FC,0,3,8,0.318181818,0.636363636,0.334481882,0.739505248,3.4,6.6,7.4,5.6,-2,3,3.4,6.6,0,0,0.4,0.8,1419.105721,1561.750361,-0.405023366,-3.2,1.8,-5,-142.6446399,3,0
331,22,7/28/2023,Hume FC,FC Carlton Heart,1,7,4,0.454545455,0.272727273,0.241445384,0,2.8,2.8,7.8,9,-3,-4.2,2.8,2.8,0,0.045454545,0.2,0.2,1454.494756,1392.542877,0.241445384,0,-1.2,1.2,61.95187872,3,0.666666667
18,322,7/28/2023,Moreland Blues FC,Metropolitan FC,1,16,2,0.727272727,0,0.758554616,0,6.2,2,4.2,11,4,-7,6.2,0,0.045454545,0,0.6,0,1592.713149,1492.39798,0.758554616,4.2,-6.8,11,100.3151693,0,0.5
17,19,7/28/2023,Fitzroy FC,Altona Knights FC,1,8,2,0.954545455,0.409090909,1,0.570516762,7,4,4,7.4,5,-1.4,7,4,0.090909091,0.045454545,0.8,0.8,1710.171968,1472.834702,0.429483238,3,-3.4,6.4,237.3372666,3,1
18,19,8/4/2023,Moreland Blues FC,Altona Knights FC,1,8,0,0.739130435,0.391304348,0.811962146,0.355496108,8.2,3.6,4.2,8.4,6,-2.8,8.2,3.6,0.043478261,0.043478261,0.6,0.6,1604.217698,1466.331318,0.456466038,4.6,-4.2,8.8,137.8863798,3,0.666666667
22,322,8/4/2023,FC Carlton Heart,Metropolitan FC,0,3,6,0.260869565,0,0,0,3,2,9.6,14.5,-4.6,-10.5,3,2,0.043478261,0,0.4,0,1379.366009,1480.893432,0,1,-4.9,5.9,-101.5274225,0,0.5
21,17,8/4/2023,Campbellfield FC,Fitzroy FC,1,2,1,0.652173913,0.956521739,0.885949276,1,7.4,7.8,5.2,4.2,4.2,5.6,7.4,7.8,0,0.086956522,0.8,0.8,1571.527134,1716.675352,-0.114050724,-0.4,1,-1.4,-145.1482179,3,0
325,331,8/4/2023,Roxburgh Park Gorillas,Hume FC,0,1,5,0.304347826,0.47826087,0.260494752,0.498059864,3.8,3.8,8.2,7.4,-2.4,-1.6,3.8,3.8,0,0,0.4,0.4,1409.328949,1467.671624,-0.237565112,0,0.8,-0.8,-58.34267535,3,0
331,19,8/11/2023,Hume FC,Altona Knights FC,0,0,3,0.5,0.375,0.697911422,0.188037854,4.2,2.8,6.8,9.4,-0.6,-4.6,4.2,2.8,0,0.041666667,0.6,0.4,1481.009817,1456.367585,0.509873568,1.4,-2.6,4,24.64223203,3,0.333333333
325,17,8/11/2023,Roxburgh Park Gorillas,Fitzroy FC,0,0,15,0.291666667,0.916666667,0.114050724,0.68997799,3,7.4,8.6,4.2,-3.6,5.2,3,7.4,0,0.083333333,0.2,0.8,1395.990755,1694.354548,-0.575927266,-4.4,4.4,-8.8,-298.3637927,3,0
18,22,8/11/2023,Moreland Blues FC,FC Carlton Heart,1,4,2,0.75,0.25,0.853555972,0,9.2,3,3.8,9.8,7.4,-4.8,9.2,3,0.083333333,0.041666667,0.8,0.4,1614.181431,1367.91283,0.853555972,6.2,-6,12.2,246.2686009,3,1
21,322,8/11/2023,Campbellfield FC,Metropolitan FC,1,10,3,0.666666667,0.333333333,1,0.506480391,7.4,3.333333333,4.8,11.33333333,4.6,-6,7.4,3.333333333,0,0,0.8,0.333333333,1593.847938,1492.346611,0.493519609,4.066666667,-6.533333333,10.6,101.5013267,0,0.5
322,19,8/18/2023,Metropolitan FC,Altona Knights FC,0,4,7,0.25,0.4,0.275819395,0.456466038,3.25,3,11.5,6.4,-6.25,-1.4,3.25,3,0,0.08,0.25,0.4,1480.892327,1473.500503,-0.180646643,0.25,5.1,-4.85,7.391824451,0,0.5
331,17,8/18/2023,Hume FC,Fitzroy FC,0,3,4,0.48,0.92,0.543533962,0.758554616,3.8,7.4,5.6,3.8,0.2,5.6,3.8,7.4,0,0.12,0.6,0.8,1463.876899,1699.224656,-0.215020654,-3.6,1.8,-5.4,-235.3477566,3,0.333333333
21,18,8/18/2023,Campbellfield FC,Moreland Blues FC,0,3,9,0.68,0.76,1,0.885949276,7.6,8.2,5,3.8,4.6,6.4,7.6,8.2,0,0.08,0.8,0.8,1605.302222,1620.422469,0.114050724,-0.6,1.2,-1.8,-15.12024663,3,0.333333333
22,325,8/18/2023,FC Carlton Heart,Roxburgh Park Gorillas,1,5,4,0.24,0.28,0,0,3,1.6,8.8,10.4,-3.8,-6.8,3,1.6,0.04,0,0.4,0,1361.671791,1391.120647,0,1.4,-1.6,3,-29.44885606,3,0.333333333
19,21,8/25/2023,Altona Knights FC,Campbellfield FC,0,2,9,0.423076923,0.653846154,0.665518118,0.68997799,3.6,6,6.2,5.8,-0.6,2.2,3.6,6,0.076923077,0,0.4,0.6,1489.840857,1589.998096,-0.024459872,-2.4,0.4,-2.8,-100.1572388,3,0.333333333
331,18,8/25/2023,Hume FC,Moreland Blues FC,0,1,5,0.461538462,0.769230769,0.334481882,1,3.6,9.4,5.8,3.6,-0.2,7.8,3.6,9.4,0,0.076923077,0.4,1,1457.31397,1635.726595,-0.665518118,-5.8,2.2,-8,-178.4126248,3,0.333333333
17,22,8/25/2023,Fitzroy FC,FC Carlton Heart,1,8,0,0.923076923,0.269230769,0.811962146,0.31002201,7.4,3,3.8,7.4,5.6,-2.4,7.4,3,0.115384615,0.038461538,0.8,0.4,1705.787585,1379.024723,0.501940136,4.4,-3.6,8,326.7628622,3,1
325,322,8/25/2023,Roxburgh Park Gorillas,Metropolitan FC,0,7,8,0.269230769,0.2,0,0.188037854,1.8,3.4,10.6,11,-6.8,-5.6,1.8,3.4,0,0,0.2,0.4,1373.767716,1464.551972,-0.188037854,-1.6,-0.4,-1.2,-90.78425638,0,0.5
19,325,9/1/2023,Altona Knights FC,Roxburgh Park Gorillas,0,2,3,0.407407407,0.259259259,0.429483238,0,2.8,3,7.8,10.2,-3,-5.2,2.8,3,0.074074074,0,0.2,0.4,1478.329609,1361.855864,0.429483238,-0.2,-2.4,2.2,116.4737449,3,0.333333333
22,21,9/1/2023,FC Carlton Heart,Campbellfield FC,0,1,7,0.259259259,0.666666667,0.241445384,0.758554616,2.8,6.4,7.8,5.6,-3,2.8,2.8,6.4,0.037037037,0,0.4,0.6,1374.791947,1601.509344,-0.517109232,-3.6,2.2,-5.8,-226.7173974,3,0.333333333
17,18,9/1/2023,Fitzroy FC,Moreland Blues FC,1,6,1,0.925925926,0.777777778,0.853555972,1,7.2,8.4,3.4,3.6,5.8,6.8,7.2,8.4,0.148148148,0.074074074,0.8,1,1710.020361,1644.163752,-0.146444028,-1.2,-0.2,-1,65.85660915,3,1
322,331,9/1/2023,Metropolitan FC,Hume FC,0,3,10,0.333333333,0.444444444,0.456466038,0.260494752,4.6,3.2,10.6,5.4,-4,-0.2,4.6,3.2,0,0,0.6,0.4,1476.463824,1448.876813,0.195971286,1.4,5.2,-3.8,27.58701045,0,0.5
325,18,9/8/2023,Roxburgh Park Gorillas,Moreland Blues FC,0,1,12,0.285714286,0.75,0.31002201,0.68997799,3,5.4,9,4.4,-4,3,3,5.4,0,0.071428571,0.4,0.8,1383.027382,1631.160753,-0.37995598,-2.4,4.6,-7,-248.1333717,4,0
19,22,9/8/2023,Altona Knights FC,FC Carlton Heart,1,5,4,0.392857143,0.25,0.334481882,0.188037854,2.8,2.2,6.8,7.8,-2,-3.6,2.8,2.2,0.071428571,0.035714286,0.2,0.2,1457.158092,1367.96604,0.146444028,0.6,-1,1.6,89.19205227,4,0.75
331,21,9/8/2023,Hume FC,Campbellfield FC,1,2,1,0.464285714,0.678571429,0.424072734,0.811962146,3.8,6.2,5.2,5.2,0.6,3,3.8,6.2,0,0,0.4,0.6,1466.144579,1608.335251,-0.387889412,-2.4,0,-2.4,-142.1906718,4,0
17,322,9/8/2023,Fitzroy FC,Metropolitan FC,1,10,5,0.928571429,0.285714286,0.885949276,0.355496108,6.8,4.8,3.2,9.4,5.6,-2.6,6.8,4.8,0.142857143,0,0.8,0.6,1723.02336,1459.196058,0.530453168,2,-6.2,8.2,263.827302,1,1
21,325,9/15/2023,Campbellfield FC,Roxburgh Park Gorillas,1,5,4,0.655172414,0.275862069,0.543533962,0.241445384,6,3,5.4,10.4,2.6,-5.4,6,3,0,0,0.6,0.4,1586.129776,1376.840095,0.302088578,3,-5,8,209.289681,4,1
22,331,9/15/2023,FC Carlton Heart,Hume FC,0,0,3,0.24137931,0.482758621,0.146444028,0.551467394,2.4,3.2,7.6,5.2,-3.2,0,2.4,3.2,0.034482759,0,0.4,0.2,1355.985572,1488.350054,-0.405023366,-0.8,2.4,-3.2,-132.3644819,4,0.25
19,17,9/15/2023,Altona Knights FC,Fitzroy FC,0,2,6,0.413793103,0.931034483,0.570516762,1,3.8,8.6,6,3.8,-0.2,6.8,3.8,8.6,0.068965517,0.137931034,0.4,1,1469.13856,1728.7722,-0.429483238,-4.8,2.2,-7,-259.6336399,4,0
322,18,9/15/2023,Metropolitan FC,Moreland Blues FC,0,2,10,0.25,0.75862069,0.188037854,0.758554616,4.6,6.2,10.8,4.6,-4.2,3.6,4.6,6.2,0,0.068965517,0.6,0.8,1453.447218,1637.34804,-0.570516762,-1.6,6.2,-7.8,-183.9008218,1,0
19,18,9/22/2023,Altona Knights FC,Moreland Blues FC,0,2,7,0.4,0.766666667,0.355496108,0.811962146,3.6,7.4,7.2,4.6,-1.6,4.8,3.6,7.4,0.066666667,0.066666667,0.4,0.8,1463.27499,1645.590395,-0.456466038,-3.8,2.6,-6.4,-182.3154052,4,0.25
331,325,9/22/2023,Hume FC,Roxburgh Park Gorillas,0,5,6,0.5,0.266666667,0.739505248,0.188037854,3.8,3.8,4.6,8.4,1.2,-2.6,3.8,3.8,0.033333333,0,0.2,0.6,1498.533183,1369.459997,0.551467394,0,-3.8,3.8,129.0731859,4,1
17,21,9/22/2023,Fitzroy FC,Campbellfield FC,1,4,1,0.933333333,0.666666667,1,0.644503892,6.8,5,4.2,5.6,4.6,1.4,6.8,5,0.133333333,0,1,0.6,1734.635771,1593.509874,0.355496108,1.8,-1.4,3.2,141.1258972,4,0.75
322,22,9/22/2023,Metropolitan FC,FC Carlton Heart,1,11,3,0.222222222,0.233333333,0.146444028,0.114050724,4.4,2,10.8,7.4,-4.4,-3.4,4.4,2,0,0.033333333,0.6,0.4,1445.204863,1345.802443,0.032393304,2.4,3.4,-1,99.40241994,1,1
22,18,9/29/2023,FC Carlton Heart,Moreland Blues FC,0,2,6,0.225806452,0.774193548,0,0.853555972,1.6,7,8.8,4.4,-5.2,4.6,1.6,7,0.032258065,0.064516129,0.2,0.8,1334.259151,1653.888721,-0.853555972,-5.4,4.4,-9.8,-319.6295708,4,0
19,331,9/29/2023,Altona Knights FC,Hume FC,0,4,6,0.387096774,0.483870968,0.188037854,0.575927266,2.6,4.2,7.8,5,-3.2,1.2,2.6,4.2,0.064516129,0.032258065,0.2,0.4,1454.976664,1476.848299,-0.387889412,-1.6,2.8,-4.4,-21.87163576,4,0.75
325,17,9/29/2023,Roxburgh Park Gorillas,Fitzroy FC,0,2,5,0.290322581,0.935483871,0.456466038,1,4.2,6.8,8.4,3.8,-2.2,5,4.2,6.8,0,0.129032258,0.6,1,1391.144881,1744.472004,-0.543533962,-2.6,4.6,-7.2,-353.3271236,4,0
322,21,9/29/2023,Metropolitan FC,Campbellfield FC,0,4,8,0.3,0.64516129,0.424072734,0.501940136,5.8,4.6,10,4.6,-2.2,2,5.8,4.6,0,0,0.6,0.6,1456.748155,1583.67364,-0.077867402,1.2,5.4,-4.2,-126.9254855,1,0
18,21,10/6/2023,Moreland Blues FC,Campbellfield FC,1,4,2,0.78125,0.65625,0.885949276,0.612110588,7.2,4.4,4.6,5,4.6,1.4,7.2,4.4,0.0625,0,0.8,0.6,1658.274606,1594.075365,0.273838688,2.8,-0.4,3.2,64.19924078,4,0.75
325,22,10/6/2023,Roxburgh Park Gorillas,FC Carlton Heart,0,0,3,0.28125,0.21875,0.355496108,0,3.2,2,7.8,8.4,-2.6,-4.4,3.2,2,0,0.03125,0.4,0.2,1387.442869,1329.873266,0.355496108,1.2,-0.6,1.8,57.56960349,4,0.5
19,322,10/6/2023,Altona Knights FC,Metropolitan FC,1,8,4,0.375,0.272727273,0.146444028,0.241445384,3,5,7.2,10.2,-2.2,-3.2,3,5,0.0625,0,0.4,0.6,1439.982561,1446.34643,-0.095001356,-2,-3,1,-6.363868872,1,1
17,331,10/6/2023,Fitzroy FC,Hume FC,1,7,1,0.9375,0.5,1,0.758554616,6.2,5.2,4.2,4.8,4,2.4,6.2,5.2,0.125,0.03125,1,0.6,1748.174016,1491.842402,0.241445384,1,-0.6,1.6,256.331614,4,0.75
322,325,10/13/2023,Metropolitan FC,Roxburgh Park Gorillas,1,8,4,0.25,0.272727273,0.188037854,0.188037854,5.2,2.6,9.8,8,-2.6,-3.4,5.2,2.6,0,0,0.8,0.4,1430.053396,1368.815691,0,2.6,1.8,0.8,61.23770477,1,1
22,17,10/13/2023,FC Carlton Heart,Fitzroy FC,0,4,8,0.242424242,0.939393939,0.31002201,1,2.4,6.4,7,4.2,-2.6,4.2,2.4,6.4,0.060606061,0.121212121,0.2,1,1348.500444,1754.129167,-0.68997799,-4,2.8,-6.8,-405.6287232,4,0
18,331,10/13/2023,Moreland Blues FC,Hume FC,1,6,2,0.787878788,0.484848485,1,0.501940136,7.8,3.4,3.8,5.6,6,-0.2,7.8,3.4,0.060606061,0.03030303,1,0.4,1671.351317,1485.88725,0.498059864,4.4,-1.8,6.2,185.4640664,4,0.75
21,19,10/13/2023,Campbellfield FC,Altona Knights FC,1,8,5,0.636363636,0.393939394,0.387889412,0.424072734,3.4,4.2,5.6,7.4,-0.2,-1.2,3.4,4.2,0,0.060606061,0.4,0.6,1580.998654,1456.275596,-0.036183321,-0.8,-1.8,1,124.7230587,4,0.75
21,22,10/20/2023,Campbellfield FC,FC Carlton Heart,0,4,5,0.647058824,0.235294118,0.612110588,0.241445384,4.8,2.4,6.2,7.6,0.6,-3.2,4.8,2.4,0,0.058823529,0.6,0.2,1591.489584,1345.675915,0.370665204,2.4,-1.4,3.8,245.8136694,4,0.75
325,19,10/20/2023,Roxburgh Park Gorillas,Altona Knights FC,0,3,9,0.264705882,0.382352941,0.146444028,0.241445384,3.2,4.2,7.2,8.2,-2,-2,3.2,4.2,0,0.058823529,0.6,0.6,1355.606947,1445.784666,-0.095001356,-1,-1,0,-90.17771882,4,0.75
17,18,10/20/2023,Fitzroy FC,Moreland Blues FC,1,4,1,0.941176471,0.794117647,1,1,6,6.6,4,4,4,4.6,6,6.6,0.117647059,0.058823529,1,1,1756.953696,1679.538726,0,-0.6,0,-0.6,77.4149705,4,1
331,322,10/20/2023,Hume FC,Metropolitan FC,1,8,4,0.470588235,0.307692308,0.302088578,0.456466038,3.4,5.8,6.6,8.6,-1.2,-0.8,3.4,5.8,0.029411765,0,0.4,0.8,1477.699841,1443.26214,-0.15437746,-2.4,-2,-0.4,34.43770105,1,1
22,19,10/27/2023,FC Carlton Heart,Altona Knights FC,1,6,1,0.257142857,0.4,0.498059864,0.498059864,3.4,5.6,7.8,7.6,-2.4,0,3.4,5.6,0.057142857,0.057142857,0.4,0.8,1371.42171,1457.722637,0,-2.2,0.2,-2.4,-86.30092766,5,0.2
322,17,10/27/2023,Metropolitan FC,Fitzroy FC,0,5,17,0.285714286,0.942857143,0.355496108,1,6.2,5.6,8.2,3.8,0,3.8,6.2,5.6,0,0.114285714,1,1,1428.842882,1769.446456,-0.644503892,0.6,4.4,-3.8,-340.6035747,2,0
18,325,10/27/2023,Moreland Blues FC,Roxburgh Park Gorillas,1,12,0,0.771428571,0.257142857,0.68997799,0.114050724,4.8,3,4.4,8,2.4,-3,4.8,3,0.057142857,0,0.8,0.4,1667.045966,1343.668975,0.575927266,1.8,-3.6,5.4,323.3769907,5,1
21,331,10/27/2023,Campbellfield FC,Hume FC,1,4,3,0.628571429,0.485714286,0.387889412,0.456466038,4.6,4.4,6.4,7.4,0.2,-1,4.6,4.4,0,0.028571429,0.6,0.6,1565.743789,1492.1191,-0.068576626,0.2,-1,1.2,73.62468937,5,0.8
17,19,11/3/2023,Fitzroy FC,Altona Knights FC,1,6,2,0.944444444,0.388888889,1,0.387889412,8.2,5.4,4.6,7.4,5.6,0,8.2,5.4,0.111111111,0.055555556,1,0.8,1773.395076,1437.828102,0.612110588,2.8,-2.8,5.6,335.5669739,5,1
331,22,11/3/2023,Hume FC,FC Carlton Heart,1,5,4,0.472222222,0.277777778,0.355496108,0.697911422,4,4,7,5.8,-1,0.2,4,4,0.027777778,0.055555556,0.4,0.6,1479.459786,1391.316245,-0.342415314,0,1.2,-1.2,88.14354185,5,0.8
325,21,11/3/2023,Roxburgh Park Gorillas,Campbellfield FC,0,3,9,0.25,0.638888889,0,0.612110588,1.8,5.2,9.4,6.2,-5.6,1,1.8,5.2,0,0,0.2,0.8,1339.364097,1578.403103,-0.612110588,-3.4,3.2,-6.6,-239.0390056,5,0
18,322,11/3/2023,Moreland Blues FC,Metropolitan FC,1,17,3,0.777777778,0.266666667,0.758554616,0.188037854,5.8,5,4,11,3.8,-4,5.8,5,0.083333333,0,0.8,1,1671.350843,1424.894262,0.570516762,0.8,-7,7.8,246.4565813,2,1
22,322,11/10/2023,FC Carlton Heart,Metropolitan FC,1,10,3,0.27027027,0.25,0.543533962,0.146444028,4.4,4.8,5.6,12.8,0.8,-6,4.4,4.8,0.054054054,0,0.8,0.8,1379.290504,1418.658658,0.397089934,-0.4,-7.2,6.8,-39.36815426,2,0
325,331,11/10/2023,Roxburgh Park Gorillas,Hume FC,0,3,4,0.243243243,0.486486486,0,0.498059864,2,3.8,10.2,7,-6.2,-1.2,2,3.8,0,0.027027027,0.2,0.4,1332.911326,1491.485527,-0.498059864,-1.8,3.2,-5,-158.574201,5,0.2
21,17,11/10/2023,Campbellfield FC,Fitzroy FC,0,2,4,0.648648649,0.945945946,0.697911422,1,5.4,8.4,6,4.6,1.4,5.8,5.4,8.4,0,0.108108108,0.8,1,1584.855874,1777.445152,-0.302088578,-3,1.4,-4.4,-192.5892778,5,0.2
18,19,11/10/2023,Moreland Blues FC,Altona Knights FC,1,9,2,0.783783784,0.378378378,0.811962146,0.302088578,8,5,4.2,7.4,5.8,-0.4,8,5,0.081081081,0.054054054,0.8,0.6,1677.586447,1433.778026,0.509873568,3,-3.2,6.2,243.8084213,5,0.8
325,17,11/17/2023,Roxburgh Park Gorillas,Fitzroy FC,0,2,18,0.236842105,0.947368421,0,1,2.6,7.8,10.4,4.8,-5.8,5,2.6,7.8,0,0.105263158,0.2,1,1323.745828,1785.385179,-1,-5.2,5.6,-10.8,-461.6393503,5,0
331,19,11/17/2023,Hume FC,Altona Knights FC,1,5,4,0.5,0.368421053,0.697911422,0.146444028,4.4,3.8,6.2,8.4,0.2,-2.6,4.4,3.8,0.026315789,0.052631579,0.6,0.4,1500.651025,1427.465533,0.551467394,0.6,-2.2,2.8,73.18549163,5,0.4
21,322,11/17/2023,Campbellfield FC,Metropolitan FC,1,10,7,0.631578947,0.235294118,0.543533962,0.114050724,5.4,4.6,6,13.2,1.4,-6.6,5.4,4.6,0,0,0.8,0.6,1576.915848,1400.853407,0.429483238,0.8,-7.2,8,176.0624408,2,1
22,325,11/24/2023,FC Carlton Heart,Roxburgh Park Gorillas,1,7,6,0.289473684,0.230769231,0.644503892,0,5.8,2.2,6.2,12.4,1.6,-8.2,5.8,2.2,0.052631579,0,1,0,1397.095755,1321.648747,0.644503892,3.6,-6.2,9.8,75.44700764,5,0.6
331,17,11/24/2023,Hume FC,Fitzroy FC,0,1,2,0.512820513,0.948717949,0.853555972,1,5,9.8,5.8,4.4,1.2,7.4,5,9.8,0.025641026,0.102564103,0.8,1,1513.329687,1787.48226,-0.146444028,-4.8,1.4,-6.2,-274.1525723,5,0.2
21,18,11/24/2023,Campbellfield FC,Moreland Blues FC,0,2,7,0.641025641,0.789473684,0.644503892,0.853555972,5.8,9,6.4,4.2,1.4,6.8,5.8,9,0,0.078947368,0.8,0.8,1585.437322,1683.89894,-0.20905208,-3.2,2.2,-5.4,-98.46161814,5,0.2
322,19,11/24/2023,Metropolitan FC,Altona Knights FC,0,5,7,0.222222222,0.358974359,0,0.114050724,4.4,3.6,14.4,7.8,-8,-2.2,4.4,3.6,0,0.051282051,0.6,0.4,1392.331933,1414.78687,-0.114050724,0.8,6.6,-5.8,-22.45493707,2,0
18,22,11/28/2023,Moreland Blues FC,FC Carlton Heart,0,4,5,0.794871795,0.307692308,0.885949276,0.811962146,9.2,6.4,4.2,5.8,7,2.6,9.2,6.4,0.076923077,0.051282051,0.8,1,1695.482227,1409.674895,0.07398713,2.8,-1.6,4.4,285.8073317,5,1
17,22,12/1/2023,Fitzroy FC,FC Carlton Heart,1,8,2,0.95,0.325,1,0.853555972,9.4,6.4,4.4,5.8,7,2.6,9.4,6.4,0.1,0.05,0.8,1,1792.956109,1436.498786,0.146444028,3,-1.4,4.4,356.4573231,5,1
325,322,12/1/2023,Roxburgh Park Gorillas,Metropolitan FC,1,6,5,0.225,0.210526316,0,0,2.8,4.6,12,14.2,-7.2,-7.6,2.8,4.6,0,0,0.2,0.6,1309.069608,1377.364584,0,-1.8,-2.2,0.4,-68.29497618,2,0
331,18,12/1/2023,Hume FC,Moreland Blues FC,0,1,6,0.5,0.775,0.575927266,0.68997799,3.6,9.8,5.4,4.4,0.2,7.4,3.6,9.8,0.025,0.075,0.6,1,1507.855839,1668.658336,-0.114050724,-6.2,1,-7.2,-160.8024973,5,0.2
19,21,12/1/2023,Altona Knights FC,Campbellfield FC,0,4,6,0.375,0.625,0.31002201,0.501940136,3.2,5.4,8.2,6.8,-3,0.6,3.2,5.4,0.05,0,0.4,0.6,1429.75422,1573.854036,-0.191918126,-2.2,1.4,-3.6,-144.0998161,5,0.2
19,325,12/8/2023,Altona Knights FC,Roxburgh Park Gorillas,1,8,2,0.365853659,0.243902439,0.241445384,0.31002201,3.8,4,8.2,10.6,-2.4,-4.6,3.8,4,0.048780488,0,0.6,0.4,1420.034229,1328.174816,-0.068576626,-0.2,-2.4,2.2,91.8594134,5,0.4
22,21,12/8/2023,FC Carlton Heart,Campbellfield FC,0,3,7,0.317073171,0.634146341,0.575927266,0.612110588,5.6,5.8,7.2,7,0.4,0.8,5.6,5.8,0.048780488,0,0.8,0.6,1432.855356,1583.574026,-0.036183321,-0.2,0.2,-0.4,-150.7186702,5,0.4
17,18,12/8/2023,Fitzroy FC,Moreland Blues FC,0,3,4,0.951219512,0.780487805,1,0.758554616,7.6,8.6,3.8,4.6,5.8,6,7.6,8.6,0.097560976,0.073170732,0.8,1,1796.599538,1677.740171,0.241445384,-1,-0.8,-0.2,118.8593676,5,1
322,331,12/8/2023,Metropolitan FC,Hume FC,0,5,6,0.2,0.487804878,0,0.448532606,4.6,3.2,12,5.8,-5.4,-0.6,4.6,3.2,0,0.024390244,0.6,0.6,1358.259376,1498.774004,-0.448532606,1.4,6.2,-4.8,-140.514628,2,0
22,331,1/19/2024,FC Carlton Heart,Hume FC,1,8,4,0.30952381,0.5,0.448532606,0.570516762,5.4,3.4,7.6,6,-0.2,-0.6,5.4,3.4,0.047619048,0.023809524,0.6,0.6,1423.391273,1508.634226,-0.121984156,2,1.6,0.4,-85.24295309,6,0.166666667
19,355,1/19/2024,Altona Knights FC,Western City FC ,0,2,4,0.380952381,0,0.498059864,0,5,0,7.4,2,-0.4,0,5,0,0.047619048,0,0.8,0,1431.899837,1500,0.498059864,5,5.4,-0.4,-68.10016293,0,0.5
17,20,1/19/2024,Fitzroy FC,Western United FC,1,4,2,0.928571429,0.238095238,0.68997799,0.456466038,7,3.8,4.2,7,4.8,-1.2,7,3.8,0.095238095,0,0.6,0.6,1775.329856,1403.988485,0.233511952,3.2,-2.8,6,371.3413715,3,1
18,355,1/23/2024,Moreland Blues FC,Western City FC ,1,2,0,0.785714286,1,0.811962146,1,6,4,4.6,4,3.4,2,6,0,0.071428571,0,1,1,1699.009853,1512.903426,-0.188037854,2,0.6,1.4,186.1064267,0,0.5
19,22,1/26/2024,Altona Knights FC,FC Carlton Heart,1,3,1,0.372093023,0.325581395,0.387889412,0.570516762,5,5,6.4,7.8,0.6,-0.8,5,5,0.046511628,0.046511628,0.8,0.6,1418.996411,1443.239939,-0.18262735,0,-1.4,1.4,-24.24352808,6,0.666666667
331,17,1/26/2024,Hume FC,Fitzroy FC,0,1,2,0.488372093,0.930232558,0.355496108,0.758554616,3.4,7,7,4.2,-1.6,4.8,3.4,7,0.023255814,0.093023256,0.6,0.6,1488.785559,1778.705679,-0.403058508,-3.6,2.8,-6.4,-289.9201192,6,0.166666667
20,331,2/2/2024,Western United FC,Hume FC,1,7,5,0.227272727,0.477272727,0.355496108,0.188037854,4,2.6,6.4,6.6,-0.4,-2,4,2.6,0,0.022727273,0.6,0.4,1400.612662,1483.711352,0.167458254,1.4,-0.2,1.6,-83.09868986,3,0.333333333
22,355,2/2/2024,FC Carlton Heart,Western City FC ,1,7,0,0.318181818,0.5,0.355496108,0.268941421,3.8,2,7.2,4,-1.4,0,3.8,2,0.045454545,0,0.4,0.5,1426.125292,1504.738526,0.086554686,1.8,3.2,-1.4,-78.61323411,0,0.5
18,19,2/2/2024,Moreland Blues FC,Altona Knights FC,1,2,1,0.790697674,0.386363636,0.853555972,0.612110588,4.6,4.8,4.2,5.6,2.4,1.2,4.6,4.8,0.093023256,0.045454545,0.8,0.6,1707.174754,1436.111058,0.241445384,-0.2,-1.4,1.2,271.0636956,6,0.833333333
355,331,2/9/2024,Western City FC ,Hume FC,1,3,2,0.333333333,0.466666667,0.186323723,0.146444028,1.333333333,3.4,5.666666667,7.6,-2.333333333,-2.2,1.333333333,3.4,0,0.022222222,0.333333333,0.6,1485.178795,1463.955856,0.039879695,-2.066666667,-1.933333333,-0.133333333,21.22293872,0,0.5
18,20,2/9/2024,Moreland Blues FC,Western United FC,1,1,0,0.795454545,0.260869565,0.885949276,0.498059864,3.6,4.4,4,6.6,1.6,-0.2,3.6,4.4,0.090909091,0,0.6,0.6,1712.729756,1420.368158,0.387889412,-0.8,-2.6,1.8,292.3615984,3,1
17,22,2/9/2024,Fitzroy FC,FC Carlton Heart,1,3,0,0.931818182,0.333333333,0.811962146,0.498059864,3.8,4.2,4,6.4,1.8,-0.2,3.8,4.2,0.090909091,0.066666667,0.4,0.4,1783.779886,1445.685022,0.313902282,-0.4,-2.4,2,338.0948635,6,1
19,20,2/16/2024,Altona Knights FC,Western United FC,1,5,4,0.377777778,0.25,0.387889412,0.387889412,3.6,4,5,6.2,0.6,-0.2,3.6,4,0.044444444,0,0.4,0.6,1430.556055,1415.353669,0,-0.4,-1.2,0.8,15.20238587,3,0.333333333
18,331,2/16/2024,Moreland Blues FC,Hume FC,1,8,0,0.8,0.456521739,1,0.114050724,3,3.6,3,7,2,-1.4,3,3.6,0.111111111,0.02173913,0.4,0.6,1717.744245,1448.931995,0.885949276,-0.6,-4,3.4,268.8122501,6,0.833333333
17,355,2/16/2024,Fitzroy FC,Western City FC ,1,2,1,0.933333333,0.5,0.853555972,0.526547373,4,1.75,3.8,5.25,2.2,-1.5,4,1.75,0.111111111,0,0.4,0.25,1787.778765,1500.202656,0.327008599,2.25,-1.45,3.7,287.5761083,0,0.5
18,22,2/23/2024,Moreland Blues FC,FC Carlton Heart,1,5,2,0.804347826,0.326086957,1,0.387889412,3.4,3.8,2.8,5.4,2.6,0.4,3.4,3.8,0.130434783,0.065217391,0.4,0.4,1723.358997,1441.686143,0.612110588,-0.4,-2.6,2.2,281.6728536,6,0.833333333
355,20,2/23/2024,Western City FC ,Western United FC,1,3,2,0.4,0.24,0.355496108,0.302088578,1.6,3.6,5,5.8,-1.4,-0.2,1.6,3.6,0,0,0.2,0.6,1495.070573,1400.053319,0.05340753,-2,-0.8,-1.2,95.01725432,0,0.5
17,19,2/23/2024,Fitzroy FC,Altona Knights FC,1,1,0,0.934782609,0.391304348,0.885949276,0.612110588,2.8,3.8,3.6,4.6,1.2,1.2,2.8,3.8,0.108695652,0.043478261,0.2,0.4,1792.910848,1445.856406,0.273838688,-1,-1,0,347.0544424,6,1
22,20,3/1/2024,FC Carlton Heart,Western United FC,0,1,7,0.319148936,0.230769231,0.302088578,0.146444028,3.6,3,5,5.6,0.6,-0.6,3.6,3,0.063829787,0,0.4,0.4,1436.405936,1388.323103,0.15564455,0.6,-0.6,1.2,48.08283323,3,0.666666667
18,17,3/1/2024,Moreland Blues FC,Fitzroy FC,0,3,4,0.808510638,0.936170213,1,1,3.6,2.4,2.6,2.8,3,1.6,3.6,2.4,0.127659574,0.127659574,0.4,0.2,1728.639204,1796.732719,0,1.2,-0.2,1.4,-68.09351555,6,0.166666667
331,19,3/1/2024,Hume FC,Altona Knights FC,1,4,3,0.446808511,0.382978723,0,0.387889412,2.4,2.2,7.6,4.4,-3.2,-0.2,2.4,2.2,0.021276596,0.042553191,0.4,0.2,1443.317243,1442.034535,-0.387889412,0.2,3.2,-3,1.282708582,6,0.5
331,22,3/8/2024,Hume FC,FC Carlton Heart,1,6,4,0.458333333,0.3125,0.31002201,0.146444028,2.4,2.2,6.6,5.6,-2.2,-1.4,2.4,2.2,0.020833333,0.0625,0.4,0.2,1459.258173,1418.205669,0.163577982,0.2,1,-0.8,41.05250356,7,0.714285714
355,19,3/8/2024,Western City FC ,Altona Knights FC,1,4,3,0.5,0.375,0.498059864,0.302088578,1.4,2.4,5,4.4,-1.6,0,1.4,2.4,0,0.041666667,0,0.2,1506.800788,1426.093605,0.195971286,-1,0.6,-1.6,80.70718314,1,1
20,17,3/8/2024,Western United FC,Fitzroy FC,0,4,8,0.259259259,0.9375,0.424072734,1,4,2.4,5,3,1,1.4,4,2.4,0,0.125,0.6,0.2,1406.52337,1809.63644,-0.575927266,1.6,2,-0.4,-403.1130703,4,0
17,331,3/15/2024,Fitzroy FC,Hume FC,1,5,2,0.93877551,0.469387755,1,0.551467394,3.6,3.4,3.6,7,2,-1.6,3.6,3.4,0.12244898,0.020408163,0.4,0.6,1812.498485,1473.376384,0.448532606,0.2,-3.4,3.6,339.1221007,7,0.857142857
22,19,3/15/2024,FC Carlton Heart,Altona Knights FC,1,3,2,0.306122449,0.367346939,0.114050724,0.146444028,2.8,2.4,6.2,5,-1.4,-0.6,2.8,2.4,0.06122449,0.040816327,0.4,0.2,1404.087457,1413.744869,-0.032393304,0.4,1.2,-0.8,-9.657411513,7,0.285714286
355,18,3/15/2024,Western City FC ,Moreland Blues FC,0,3,6,0.571428571,0.791666667,0.697911422,0.68997799,2.2,3.8,5.2,3.4,-1,2.4,2.2,3.8,0,0.125,0.2,0.4,1519.149525,1715.735483,0.007933432,-1.6,1.8,-3.4,-196.585958,1,0
331,20,3/22/2024,Hume FC,Western United FC,1,5,4,0.46,0.25,0.429483238,0.241445384,2.8,3.4,6.6,5.6,-1.8,-0.2,2.8,3.4,0.02,0,0.4,0.6,1469.398151,1403.661326,0.188037854,-0.6,1,-1.6,65.73682542,4,0.5
19,18,3/22/2024,Altona Knights FC,Moreland Blues FC,0,1,5,0.36,0.795918367,0.114050724,0.758554616,2.6,4.6,5.2,3.8,-0.6,2.8,2.6,4.6,0.04,0.12244898,0.2,0.6,1397.300243,1723.538959,-0.644503892,-2,1.4,-3.4,-326.2387156,7,0.142857143
355,22,3/22/2024,Western City FC ,FC Carlton Heart,0,4,5,0.5,0.32,0.543533962,0.31002201,2.8,2,5,6.6,-0.2,-2.6,2.8,2,0,0.06,0.2,0.2,1511.346049,1420.532083,0.233511952,0.8,-1.6,2.4,90.81396601,1,0
18,20,4/5/2024,Moreland Blues FC,Western United FC,1,5,2,0.8,0.24137931,0.811962146,0.188037854,5.4,4.2,4,6.4,3.4,-0.2,5.4,4.2,0.12,0,0.8,0.8,1727.782829,1390.653004,0.623924292,1.2,-2.4,3.6,337.1298256,4,1
22,17,4/5/2024,FC Carlton Heart,Fitzroy FC,0,4,10,0.333333333,0.94,0.551467394,1,3,4,6.8,4,-1.8,2,3,4,0.058823529,0.12,0.4,0.6,1440.62151,1816.476718,-0.448532606,-1,2.8,-3.8,-375.855208,7,0
331,355,4/5/2024,Hume FC,Western City FC ,1,2,1,0.470588235,0.444444444,0.644503892,0.334481882,3.4,3,6.8,5.6,-1.4,-0.6,3.4,3,0.019607843,0,0.6,0.4,1482.406473,1491.256622,0.31002201,0.4,1.2,-0.8,-8.850148892,1,0
331,18,4/12/2024,Hume FC,Moreland Blues FC,0,2,4,0.480769231,0.803921569,0.811962146,0.853555972,3.8,4.8,5.4,4.4,0.4,2.4,3.8,4.8,0.019230769,0.117647059,0.6,0.8,1498.813949,1731.801187,-0.041593826,-1,1,-2,-232.9872381,7,0.142857143
19,20,4/12/2024,Altona Knights FC,Western United FC,1,7,4,0.352941176,0.233333333,0,0.146444028,1.8,3.8,5.4,6.4,-1.6,-0.6,1.8,3.8,0.039215686,0,0,0.6,1393.056373,1386.634646,-0.146444028,-2,-1,-1,6.421727176,4,0.5
355,17,4/12/2024,Western City FC ,Fitzroy FC,0,2,6,0.4,0.941176471,0.260494752,1,3,5.6,5.6,4.6,-0.6,3,3,5.6,0,0.117647059,0.4,0.8,1474.849145,1819.774878,-0.739505248,-2.6,1,-3.6,-344.925733,1,0
20,355,4/19/2024,Western United FC,Western City FC ,1,5,4,0.225806452,0.363636364,0.114050724,0.114050724,4.2,2.8,7.2,6.4,-1,-1.6,4.2,2.8,0,0,0.8,0.4,1370.930343,1470.985842,0,1.4,0.8,0.6,-100.0554991,1,0
19,17,4/19/2024,Altona Knights FC,Fitzroy FC,0,2,5,0.365384615,0.942307692,0.31002201,1,3.2,6.6,6,5,-0.8,3.6,3.2,6.6,0.038461538,0.115384615,0.2,1,1408.760675,1823.638182,-0.68997799,-3.4,1,-4.4,-414.8775066,7,0
22,18,4/19/2024,FC Carlton Heart,Moreland Blues FC,0,4,7,0.326923077,0.807692308,0.429483238,0.885949276,3.4,4.6,7.8,4.4,-2.4,2.2,3.4,4.6,0.057692308,0.115384615,0.6,0.8,1437.32335,1738.435289,-0.456466038,-1.2,3.4,-4.6,-301.1119388,7,0.142857143
18,17,4/26/2024,Moreland Blues FC,Fitzroy FC,0,1,2,0.811320755,0.943396226,1,1,5.4,6.8,4.4,4.8,3,4,5.4,6.8,0.113207547,0.113207547,1,1,1743.240438,1826.328577,0,-1.4,-0.4,-1,-83.0881393,7,0.142857143
22,20,4/26/2024,FC Carlton Heart,Western United FC,0,0,9,0.320754717,0.25,0.334481882,0.31002201,4,3.8,7.8,7.8,-1.8,-2,4,3.8,0.056603774,0,0.8,0.8,1432.518202,1391.414778,0.024459872,0.2,0,0.2,41.10342319,4,0.5
331,19,4/26/2024,Hume FC,Altona Knights FC,0,4,6,0.471698113,0.358490566,0.543533962,0.241445384,3.4,3,5.6,6.2,-0.2,-1.2,3.4,3,0.018867925,0.037735849,0.4,0.2,1492.179847,1406.070279,0.302088578,0.4,-0.6,1,86.10956808,7,0.571428571
22,331,5/3/2024,FC Carlton Heart,Hume FC,0,4,6,0.314814815,0.462962963,0.260494752,0.334481882,3.2,3,8.4,6,-3.2,-1,3.2,3,0.055555556,0.018518519,0.6,0.4,1414.634101,1472.293604,-0.07398713,0.2,2.4,-2.2,-57.65950259,8,0.25
17,20,5/3/2024,Fitzroy FC,Western United FC,1,8,1,0.944444444,0.272727273,1,0.551467394,5.6,4.8,4.2,6.2,3.4,0.6,5.6,4.8,0.111111111,0.03030303,0.8,0.8,1838.573541,1409.298879,0.448532606,0.8,-2,2.8,429.2746615,5,1
19,355,5/3/2024,Altona Knights FC,Western City FC ,0,2,3,0.37037037,0.333333333,0.498059864,0,3.6,2.8,6.2,6.8,-0.6,-2,3.6,2.8,0.037037037,0,0.4,0.4,1425.956523,1450.501407,0.498059864,0.8,-0.6,1.4,-24.54488456,2,0
18,355,5/10/2024,Moreland Blues FC,Western City FC ,1,7,0,0.796296296,0.384615385,0.68997799,0.31002201,4.4,2.8,4.2,6,2.2,-1.2,4.4,2.8,0.111111111,0,0.8,0.4,1730.995475,1465.37295,0.37995598,1.6,-1.8,3.4,265.6225245,2,1
331,17,5/10/2024,Hume FC,Fitzroy FC,0,3,8,0.472727273,0.945454545,0.570516762,1,3.8,6.2,5.8,4,0,4.2,3.8,6.2,0.018181818,0.109090909,0.6,0.8,1485.662397,1841.066626,-0.429483238,-2.4,1.8,-4.2,-355.404229,8,0.125
19,22,5/10/2024,Altona Knights FC,FC Carlton Heart,1,7,2,0.363636364,0.309090909,0.387889412,0.114050724,3.6,3.4,6.2,9.2,-0.6,-3.8,3.6,3.4,0.036363636,0.054545455,0.4,0.8,1411.08498,1401.265307,0.273838688,0.2,-3,3.2,9.819672414,8,0.625
22,355,5/17/2024,FC Carlton Heart,Western City FC ,0,1,4,0.303571429,0.357142857,0,0.241445384,2.8,2,9.8,6.4,-5,-2.4,2.8,2,0.053571429,0,0.6,0.2,1385.7174,1459.672685,-0.241445384,0.8,3.4,-2.6,-73.95528553,2,1
18,19,5/17/2024,Moreland Blues FC,Altona Knights FC,1,5,4,0.8,0.375,0.758554616,0.612110588,4.8,4.8,4,5.6,2.8,1.2,4.8,4.8,0.127272727,0.035714286,0.8,0.6,1736.69574,1426.632887,0.146444028,0,-1.6,1.6,310.0628524,8,0.875
20,331,5/17/2024,Western United FC,Hume FC,0,4,6,0.264705882,0.464285714,0.429483238,0.355496108,4.2,3.4,6.8,6.6,-0.6,-1.2,4.2,3.4,0.029411765,0.017857143,0.6,0.4,1406.805794,1481.99935,0.07398713,0.8,0.2,0.6,-75.19355563,5,0.4
17,22,5/24/2024,Fitzroy FC,FC Carlton Heart,1,14,0,0.946428571,0.298245614,1,0,5.8,2.2,3.8,8.6,4,-4.4,5.8,2.2,0.107142857,0.052631579,0.8,0.4,1844.729674,1373.072644,1,3.6,-4.8,8.4,471.6570299,8,1
18,20,5/24/2024,Moreland Blues FC,Western United FC,0,5,6,0.803571429,0.257142857,0.811962146,0.334481882,4.8,4.6,4.4,7,2.4,-0.4,4.8,4.6,0.125,0.028571429,0.8,0.8,1741.294249,1394.215514,0.477480264,0.2,-2.6,2.8,347.0787351,5,1
355,331,5/24/2024,Western City FC ,Hume FC,1,4,3,0.4,0.473684211,0.498059864,0.498059864,2.6,4.2,6.2,7.2,-1.6,-1,2.6,4.2,0,0.01754386,0.4,0.6,1472.317441,1494.589629,0,-1.6,-1,-0.6,-22.27218861,2,0.5
18,331,5/31/2024,Moreland Blues FC,Hume FC,1,9,2,0.789473684,0.465517241,0.543533962,0.387889412,5,4.4,5.2,7.2,1.8,-0.8,5,4.4,0.122807018,0.017241379,0.8,0.6,1713.11565,1477.56536,0.15564455,0.6,-2,2.6,235.5502898,8,0.875
17,355,5/31/2024,Fitzroy FC,Western City FC ,1,8,1,0.947368421,0.4375,1,0.697911422,7.4,3,3.4,5.6,6,-0.6,7.4,3,0.122807018,0,0.8,0.6,1846.716541,1489.34171,0.302088578,4.4,-2.2,6.6,357.3748303,2,1
19,20,5/31/2024,Altona Knights FC,Western United FC,1,6,4,0.368421053,0.277777778,0.387889412,0.570516762,4.2,5,5.8,6.6,0.4,0.4,4.2,5,0.035087719,0.027777778,0.6,0.8,1422.034378,1422.394113,-0.18262735,-0.8,-0.8,0,-0.359735198,5,0.6
18,22,6/7/2024,Moreland Blues FC,FC Carlton Heart,1,6,4,0.793103448,0.293103448,0.644503892,0,5.4,1.4,4.8,10,2.6,-6.6,5.4,1.4,0.120689655,0.051724138,0.8,0.2,1719.672499,1371.085777,0.644503892,4,-5.2,9.2,348.5867215,8,0.875
355,20,6/7/2024,Western City FC ,Western United FC,1,8,1,0.411764706,0.27027027,0.543533962,0.355496108,2.4,4.8,6.2,7,-1.8,-0.2,2.4,4.8,0,0.027027027,0.4,0.8,1485.715298,1406.377547,0.188037854,-2.4,-0.8,-1.6,79.33775099,2,0.5
17,19,6/7/2024,Fitzroy FC,Altona Knights FC,1,16,6,0.948275862,0.379310345,1,0.612110588,8,5,3.2,5.6,6.8,1.4,8,5,0.120689655,0.034482759,0.8,0.8,1850.342953,1438.050945,0.387889412,3,-2.4,5.4,412.2920082,8,1
18,17,6/14/2024,Moreland Blues FC,Fitzroy FC,0,0,1,0.796610169,0.949152542,0.811962146,1,6.4,10.8,5.2,4.2,3.2,8.6,6.4,10.8,0.118644068,0.118644068,1,1,1723.464785,1853.070252,-0.188037854,-4.4,1,-5.4,-129.6054675,8,0.125
22,20,6/14/2024,FC Carlton Heart,Western United FC,0,6,10,0.288135593,0.263157895,0,0.188037854,2.2,3.2,9.4,8.6,-5.2,-3.4,2.2,3.2,0.050847458,0.026315789,0.4,0.6,1367.293491,1393.968977,-0.188037854,-1,0.8,-1.8,-26.67548564,5,0.4
331,19,6/14/2024,Hume FC,Altona Knights FC,0,5,7,0.457627119,0.372881356,0.302088578,0.387889412,4,5,7.8,8,-1.8,-1,4,5,0.016949153,0.033898305,0.4,0.8,1471.008511,1435.323646,-0.085800834,-1,-0.2,-0.8,35.68486547,8,0.5
20,17,7/19/2024,Western United FC,Fitzroy FC,0,1,4,0.282051282,0.95,0.456466038,1,5,9.4,8.2,4,-1.2,7.4,5,9.4,0.025641026,0.133333333,0.8,0.8,1408.742933,1863.363962,-0.543533962,-4.4,4.2,-8.6,-454.6210288,6,0
19,18,7/19/2024,Altona Knights FC,Moreland Blues FC,0,1,6,0.383333333,0.783333333,0.612110588,0.543533962,6,5,8.4,5.4,-0.4,1.6,6,5,0.033333333,0.116666667,1,0.8,1452.96124,1713.171074,0.068576626,1,3,-2,-260.2098346,9,0.111111111
331,355,7/19/2024,Hume FC,Western City FC ,1,7,6,0.45,0.444444444,0.146444028,0.644503892,3.8,3.4,8.4,6,-2.6,-0.6,3.8,3.4,0.016666667,0,0.4,0.6,1453.370917,1498.123868,-0.498059864,0.4,2.4,-2,-44.75295184,3,0.333333333
16,355,7/26/2024,Pascoe Vale FC,Western City FC ,1,8,1,0,0.421052632,0,0.501940136,0,4.6,2,6,0,0.6,0,4.6,0,0,0,0.8,1500,1480.074242,-0.501940136,-4.6,-4,-0.6,19.92575799,0,0.5
20,18,7/26/2024,Western United FC,Moreland Blues FC,0,1,8,0.275,0.786885246,0.355496108,0.644503892,4.4,5.2,7.8,4.8,-1.4,2.4,4.4,5.2,0.025,0.114754098,0.6,0.8,1406.565278,1719.018777,-0.289007784,-0.8,3,-3.8,-312.4534993,6,0.166666667
19,331,7/26/2024,Altona Knights FC,Hume FC,1,4,3,0.37704918,0.459016393,0.387889412,0.424072734,4.8,4.6,9.2,8,-2.4,-1.4,4.8,4.6,0.032786885,0.016393443,0.8,0.6,1447.113537,1471.420543,-0.036183321,0.2,1.2,-1,-24.30700551,9,0.555555556
19,20,8/2/2024,Altona Knights FC,Western United FC,0,3,5,0.387096774,0.268292683,0.612110588,0.188037854,4.8,3.4,8.8,8.4,-2,-3,4.8,3.4,0.032258065,0.024390244,0.8,0.4,1464.231094,1402.020692,0.424072734,1.4,0.4,1,62.21040144,6,0.666666667
17,355,8/2/2024,Fitzroy FC,Western City FC ,1,5,3,0.950819672,0.4,1,0.302088578,8.6,4,3.6,7.4,7,-1.4,8.6,4,0.131147541,0,0.8,0.6,1865.541618,1464.990852,0.697911422,4.6,-3.8,8.4,400.5507654,3,1
16,331,8/2/2024,Pascoe Vale FC,Hume FC,0,1,4,1,0.451612903,1,0.241445384,8,4,3,8,7,-2,0,4,0,0.016129032,1,0.4,1515.08339,1454.302987,0.758554616,4,-5,9,60.78040291,0,0.5
355,18,8/9/2024,Western City FC ,Moreland Blues FC,0,2,3,0.380952381,0.790322581,0.146444028,0.811962146,3.8,5.8,7.8,3.8,-2,4,3.8,5.8,0,0.112903226,0.4,0.8,1462.090135,1723.563362,-0.665518118,-2,4,-6,-261.4732269,3,0
17,331,8/9/2024,Fitzroy FC,Hume FC,1,6,1,0.951612903,0.46031746,1,0.498059864,6.8,4.2,4.2,7.4,4.6,-1.2,6.8,4.2,0.129032258,0.015873016,0.8,0.6,1868.442335,1473.073819,0.501940136,2.6,-3.2,5.8,395.3685158,9,0.888888889
19,16,8/9/2024,Altona Knights FC,Pascoe Vale FC,0,4,11,0.380952381,0.5,0.387889412,0.268941421,4.2,4.5,9,4.5,-2.8,2,4.2,4.5,0.031746032,0,0.6,0.5,1445.396428,1496.312557,0.118947991,-0.3,4.5,-4.8,-50.91612896,0,0.5
355,20,8/16/2024,Western City FC ,Western United FC,0,3,9,0.363636364,0.285714286,0.114050724,0.456466038,4,3.6,6.8,7.8,-0.8,-2.2,4,3.6,0,0.023809524,0.4,0.4,1456.277109,1420.855358,-0.342415314,0.4,-1,1.4,35.42175181,3,0.666666667
18,331,8/16/2024,Moreland Blues FC,Hume FC,1,4,2,0.793650794,0.453125,0.853555972,0.387889412,4.6,4,3.8,6.8,2.8,-0.8,4.6,4,0.111111111,0.015625,0.6,0.6,1729.376388,1470.093447,0.46566656,0.6,-3,3.6,259.2829415,9,0.888888889
17,16,8/16/2024,Fitzroy FC,Pascoe Vale FC,1,4,3,0.952380952,0.666666667,1,0.692804114,6.4,6.666666667,4.2,5,4.2,3.666666667,6.4,6.666666667,0.126984127,0,0.8,0.666666667,1871.422707,1509.984426,0.307195886,-0.266666667,-0.8,0.533333333,361.4382815,0,0.5
18,16,8/23/2024,Moreland Blues FC,Pascoe Vale FC,1,4,3,0.796875,0.5,0.885949276,0.417429794,4.2,5.75,3.4,5.25,2.8,2.5,4.2,5.75,0.109375,0,0.6,0.5,1735.249633,1506.432549,0.468519483,-1.55,-1.85,0.3,228.8170842,0,0.5
331,20,8/23/2024,Hume FC,Western United FC,0,1,6,0.446153846,0.302325581,0.302088578,0.665518118,3.4,5.2,6.2,6.8,-0.8,0.4,3.4,5.2,0.015384615,0.023255814,0.4,0.6,1464.220202,1438.480961,-0.36342954,-1.8,-0.6,-1.2,25.73924037,6,0.666666667
19,17,8/23/2024,Altona Knights FC,Fitzroy FC,0,3,12,0.375,0.953125,0.302088578,1,3.8,4,8,3.6,-2.2,2.4,3.8,4,0.03125,0.125,0.6,0.8,1431.72456,1874.974584,-0.697911422,-0.2,4.4,-4.6,-443.2500243,9,0
19,355,8/30/2024,Altona Knights FC,Western City FC ,0,4,6,0.369230769,0.347826087,0.146444028,0,3,3,9.4,8.4,-4.4,-3.4,3,3,0.030769231,0,0.4,0.2,1429.410247,1438.651506,0.146444028,0,1,-1,-9.241258642,3,0
20,16,8/30/2024,Western United FC,Pascoe Vale FC,1,3,2,0.318181818,0.4,0.739505248,0.302088578,4.4,5.2,5.8,5.4,0.6,1.8,4.4,5.2,0.022727273,0,0.6,0.4,1455.664133,1499.671322,0.43741667,-0.8,0.4,-1.2,-44.0071885,0,0.5
18,17,8/30/2024,Moreland Blues FC,Fitzroy FC,0,1,5,0.8,0.953846154,1,1,5,6.2,3.8,4.2,3.2,4,5,6.2,0.107692308,0.123076923,0.8,1,1742.01086,1877.288897,0,-1.2,-0.4,-0.8,-135.2780368,9,0.111111111
17,20,9/6/2024,Fitzroy FC,Western United FC,1,4,2,0.954545455,0.333333333,1,0.885949276,6.4,4.8,4.2,5.4,4.2,1.4,6.4,4.8,0.121212121,0.022222222,1,0.6,1887.355943,1473.67997,0.114050724,1.6,-1.2,2.8,413.6759724,7,1
18,19,9/6/2024,Moreland Blues FC,Altona Knights FC,1,6,1,0.787878788,0.363636364,0.68997799,0.114050724,4,3.6,4.6,9.4,1.4,-3.8,4,3.6,0.106060606,0.03030303,0.6,0.6,1731.943814,1413.835723,0.575927266,0.4,-4.8,5.2,318.1080919,10,0.9
355,331,9/6/2024,Western City FC ,Hume FC,0,2,6,0.375,0.439393939,0.31002201,0.146444028,3,2.2,7.8,6.2,-2.8,-2,3,2.2,0,0.015151515,0.2,0.2,1454.226031,1447.037029,0.163577982,0.8,1.6,-0.8,7.189001019,4,0.5
355,16,9/13/2024,Western City FC ,Pascoe Vale FC,0,1,8,0.36,0.333333333,0.241445384,0.146444028,3.2,4,7.4,5.8,-2.2,0.2,3.2,4,0,0,0.2,0.2,1437.895012,1481.655485,0.095001356,-0.8,1.6,-2.4,-43.76047263,1,0
331,19,9/13/2024,Hume FC,Altona Knights FC,0,4,6,0.447761194,0.358208955,0.424072734,0,2.8,3,5.8,10,-1,-5,2.8,3,0.014925373,0.029850746,0.4,0.4,1463.368048,1409.416584,0.424072734,-0.2,-4.2,4,53.95146377,10,0.4
18,20,9/13/2024,Moreland Blues FC,Western United FC,0,2,3,0.791044776,0.326086957,0.758554616,0.68997799,3.6,5,4.6,4.6,1,2.4,3.6,5,0.104477612,0.02173913,0.6,0.6,1736.362953,1470.972481,0.068576626,-1.4,0,-1.4,265.3904713,7,0.857142857
331,16,9/20/2024,Hume FC,Pascoe Vale FC,0,2,7,0.441176471,0.428571429,0.241445384,0.424072734,2.8,5.4,6.8,5.2,-2,2.2,2.8,5.4,0.014705882,0,0.4,0.4,1444.903271,1495.65083,-0.18262735,-2.6,1.6,-4.2,-50.74755905,1,1
355,17,9/20/2024,Western City FC ,Fitzroy FC,0,1,4,0.346153846,0.955223881,0.188037854,1,2.8,6.2,8,4,-3.2,4.2,2.8,6.2,0,0.119402985,0.2,1,1423.899667,1890.063432,-0.811962146,-3.4,4,-7.4,-466.1637648,4,0
20,19,9/20/2024,Western United FC,Altona Knights FC,0,3,4,0.340425532,0.367647059,0.758554616,0.31002201,4.6,3.6,4.4,9.8,2.2,-4.2,4.6,3.6,0.021276596,0.029411765,0.4,0.6,1497.265956,1427.881361,0.448532606,1,-5.4,6.4,69.38459423,7,0.428571429
18,355,9/27/2024,Moreland Blues FC,Western City FC ,1,8,4,0.779411765,0.333333333,0.501940136,0.146444028,3.4,2.6,4.8,8.2,0.6,-3.6,3.4,2.6,0.102941176,0,0.6,0.2,1710.069479,1421.85305,0.355496108,0.8,-3.4,4.2,288.2164285,4,1
16,19,9/27/2024,Pascoe Vale FC,Altona Knights FC,1,8,7,0.5,0.376811594,0.551467394,0.551467394,4.6,3.6,4.8,8.2,1.8,-2.6,4.6,3.6,0,0.028985507,0.4,0.6,1509.330297,1447.034829,0,1,-3.4,4.4,62.29546866,1,1
331,17,9/27/2024,Hume FC,Fitzroy FC,0,3,6,0.434782609,0.955882353,0.188037854,1,3,5.8,7,4,-2,3.8,3,5.8,0.014492754,0.117647059,0.4,1,1431.223803,1892.110048,-0.811962146,-2.8,3,-5.8,-460.8862448,10,0.1
20,355,10/4/2024,Western United FC,Western City FC ,1,4,2,0.333333333,0.321428571,0.501940136,0.114050724,3.4,2.8,4.6,8,0.8,-3.2,3.4,2.8,0.020833333,0,0.2,0.4,1478.112488,1416.73683,0.387889412,0.6,-3.4,4,61.37565839,4,0.5
331,18,10/4/2024,Hume FC,Moreland Blues FC,0,2,5,0.428571429,0.782608696,0.146444028,0.612110588,3.2,4.2,7.4,5.2,-2.2,1,3.2,4.2,0.014285714,0.101449275,0.4,0.6,1429.118211,1715.185699,-0.46566656,-1,2.2,-3.2,-286.0674885,10,0.1
16,17,10/4/2024,Pascoe Vale FC,Fitzroy FC,0,3,10,0.555555556,0.956521739,0.739505248,1,5.6,6.2,5.4,4,2.2,4.2,5.6,6.2,0,0.115942029,0.6,1,1522.491838,1894.215641,-0.260494752,-0.6,1.4,-2,-371.7238029,1,0
20,331,10/11/2024,Western United FC,Hume FC,0,5,9,0.346938776,0.422535211,0.612110588,0.114050724,3,3.4,4.8,7.2,0.2,-1.8,3,3.4,0.020408163,0.014084507,0.2,0.4,1491.315073,1423.948596,0.498059864,-0.4,-2.4,2,67.36647745,7,0.428571429
17,19,10/11/2024,Fitzroy FC,Altona Knights FC,1,6,3,0.957142857,0.371428571,1,0.429483238,5.8,4.4,4,7.4,3.8,-1,5.8,4.4,0.114285714,0.028571429,1,0.8,1897.584821,1433.873288,0.570516762,1.4,-3.4,4.8,463.7115326,10,1
16,18,10/11/2024,Pascoe Vale FC,Moreland Blues FC,0,3,7,0.5,0.785714286,0.575927266,0.697911422,5.6,4.4,6.6,5,1,1.4,5.6,4.4,0,0.1,0.6,0.6,1519.122657,1720.355314,-0.121984156,1.2,1.6,-0.4,-201.2326567,1,0
355,19,10/18/2024,Western City FC ,Altona Knights FC,0,4,6,0.310344828,0.366197183,0,0.334481882,2,4.2,8,7.4,-4,-1.2,2,4.2,0,0.028169014,0.2,0.6,1403.534245,1431.799462,-0.334481882,-2.2,0.6,-2.8,-28.2652177,4,1
16,20,10/18/2024,Pascoe Vale FC,Western United FC,1,4,2,0.454545455,0.34,0.448532606,0.387889412,5.8,3.4,7.4,6.2,0.4,-0.8,5.8,3.4,0,0.02,0.6,0.4,1511.475929,1472.251035,0.060643194,2.4,1.2,1.2,39.22489401,1,0
17,18,10/18/2024,Fitzroy FC,Moreland Blues FC,1,4,3,0.957746479,0.788732394,1,0.853555972,6,5.6,4.4,4.6,3.6,3,6,5.6,0.112676056,0.098591549,1,0.8,1899.658647,1728.002043,0.146444028,0.4,-0.2,0.6,171.6566048,10,0.9
331,355,10/25/2024,Hume FC,Western City FC ,0,5,6,0.430555556,0.3,0.31002201,0,4,2.4,7.8,8,-1.8,-3.6,4,2.4,0.013888889,0,0.4,0.4,1443.012634,1388.833042,0.31002201,1.6,-0.2,1.8,54.17959258,5,0.6
19,18,10/25/2024,Altona Knights FC,Moreland Blues FC,0,3,14,0.375,0.777777778,0.570516762,0.575927266,5.2,5,7,5.2,0.2,1.8,5.2,5,0.027777778,0.097222222,0.8,0.6,1446.500665,1719.321062,-0.005410505,0.2,1.8,-1.6,-272.8203972,11,0.090909091
20,17,10/25/2024,Western United FC,Fitzroy FC,0,2,6,0.333333333,0.958333333,0.302088578,1,3.4,6,6.2,4.6,-0.8,3.4,3.4,6,0.019607843,0.111111111,0.4,1,1458.049772,1908.339628,-0.697911422,-2.6,1.6,-4.2,-450.2898555,8,0
16,355,11/1/2024,Pascoe Vale FC,Western City FC ,1,5,4,0.5,0.322580645,0.570516762,0.31002201,5,3.4,7.6,7.4,-0.6,-2,5,3.4,0,0,0.6,0.6,1525.677191,1407.308074,0.260494752,1.6,0.2,1.4,118.3691171,2,1
19,331,11/1/2024,Altona Knights FC,Hume FC,0,0,7,0.369863014,0.424657534,0.355496108,0.241445384,4.6,4.2,9,7.8,-2.4,-1.6,4.6,4.2,0.02739726,0.01369863,0.6,0.4,1440.991932,1424.537602,0.114050724,0.4,1.2,-0.8,16.45432988,11,0.636363636
20,18,11/1/2024,Western United FC,Moreland Blues FC,0,1,4,0.326923077,0.780821918,0.146444028,0.758554616,3.2,7.4,7,5.2,-1.8,4.2,3.2,7.4,0.019230769,0.095890411,0.4,0.8,1455.820969,1724.829795,-0.612110588,-4.2,1.8,-6,-269.008826,8,0.25
19,20,11/8/2024,Altona Knights FC,Western United FC,0,2,5,0.364864865,0.320754717,0.188037854,0.114050724,3.8,2.8,9.8,7,-4,-2.2,3.8,2.8,0.027027027,0.018867925,0.4,0.4,1424.234748,1450.211454,0.07398713,1,2.8,-1.8,-25.97670646,8,0.625
17,355,11/8/2024,Fitzroy FC,Western City FC ,1,7,5,0.95890411,0.3125,1,0.241445384,6.4,4,4.8,7.6,3.6,-1.6,6.4,4,0.109589041,0,1,0.8,1910.568431,1396.557619,0.758554616,2.4,-2.8,5.2,514.0108112,5,1
16,331,11/8/2024,Pascoe Vale FC,Hume FC,1,5,4,0.538461538,0.432432432,0.665518118,0.498059864,4.6,5.2,8,6.4,-1.4,0.8,4.6,5.2,0,0.027027027,0.6,0.6,1536.427646,1441.294786,0.167458254,-0.6,1.6,-2.2,95.13286063,2,0.5
19,16,11/15/2024,Altona Knights FC,Pascoe Vale FC,0,3,6,0.36,0.571428571,0.146444028,0.739505248,2.8,4,9.2,7.4,-4.4,-1.4,2.8,4,0.026666667,0,0.2,0.6,1409.428795,1548.152918,-0.59306122,-1.2,1.8,-3,-138.7241224,2,0
355,18,11/15/2024,Western City FC ,Moreland Blues FC,0,4,9,0.303030303,0.783783784,0.188037854,0.811962146,4.2,6.6,7.4,4.6,-1.2,4,4.2,6.6,0,0.094594595,0.8,0.8,1394.979434,1730.43931,-0.623924292,-2.4,2.8,-5.2,-335.4598764,5,0
17,331,11/15/2024,Fitzroy FC,Hume FC,1,4,1,0.959459459,0.426666667,1,0.387889412,6.6,5.4,5.2,6.2,3.4,1.2,6.6,5.4,0.108108108,0.026666667,1,0.8,1912.146616,1429.569515,0.612110588,1.2,-1,2.2,482.5771017,11,0.909090909
18,331,11/22/2024,Moreland Blues FC,Hume FC,1,5,4,0.786666667,0.421052632,0.853555972,0.302088578,7.4,5.2,5,6,4.4,1.2,7.4,5.2,0.093333333,0.026315789,0.8,0.8,1734.491568,1427.696615,0.551467394,2.2,-1,3.2,306.7949532,11,0.909090909
355,20,11/22/2024,Western City FC ,Western United FC,1,5,2,0.294117647,0.333333333,0.146444028,0.31002201,4.6,3,8.4,7,-1.8,-2,4.6,3,0,0.018518519,1,0.4,1390.927176,1465.017407,-0.163577982,1.6,1.4,0.2,-74.09023073,5,0.4
17,16,11/22/2024,Fitzroy FC,Pascoe Vale FC,1,5,1,0.96,0.6,1,0.885949276,5.4,4.6,4.8,6,2.6,0.6,5.4,4.6,0.106666667,0,1,0.8,1914.019516,1558.083592,0.114050724,0.8,-1.2,2,355.9359238,2,1
18,16,11/29/2024,Moreland Blues FC,Pascoe Vale FC,1,4,3,0.789473684,0.5625,0.885949276,0.68997799,7,4.2,5.2,5.6,3.8,0.6,7,4.2,0.092105263,0,0.8,0.8,1739.164649,1554.430461,0.195971286,2.8,-0.4,3.2,184.7341875,2,1
331,20,11/29/2024,Hume FC,Western United FC,1,4,0,0.415584416,0.327272727,0.146444028,0.241445384,4.2,2.4,6,6.2,0.2,-1.8,4.2,2.4,0.025974026,0.018181818,0.8,0.2,1423.023534,1445.656222,-0.095001356,1.8,-0.2,2,-22.6326882,8,0.625
19,17,11/29/2024,Altona Knights FC,Fitzroy FC,0,2,10,0.355263158,0.960526316,0.114050724,1,2.8,5.2,9.2,4.4,-4.4,2.8,2.8,5.2,0.026315789,0.105263158,0.2,1,1399.498121,1917.672647,-0.885949276,-2.4,4.8,-7.2,-518.1745267,11,0
18,17,12/6/2024,Moreland Blues FC,Fitzroy FC,0,2,5,0.792207792,0.961038961,1,1,7.2,6.4,5,4.2,4.2,4.2,7.2,6.4,0.090909091,0.103896104,1,1,1747.377682,1919.215258,0,0.8,0.8,0,-171.8375762,11,0.090909091
20,16,12/6/2024,Western United FC,Pascoe Vale FC,1,4,3,0.321428571,0.529411765,0.188037854,0.448532606,2,4,6.2,6,-2.2,0,2,4,0.017857143,0,0.2,0.6,1428.61542,1546.217428,-0.260494752,-2,0.2,-2.2,-117.6020076,2,0.5
19,355,12/6/2024,Altona Knights FC,Western City FC ,1,4,1,0.350649351,0.314285714,0,0.424072734,2,4.8,10.4,7.6,-6.4,-0.8,2,4.8,0.025974026,0,0,1,1397.95551,1410.288361,-0.424072734,-2.8,2.8,-5.6,-12.33285124,5,0.2
17,331,1/31/2025,Fitzroy FC,Hume FC,1,4,0,0.961538462,0.423076923,1,0.424072734,6.2,4,4.2,4.8,4,1.2,6.2,4,0.102564103,0.038461538,1,0.8,1927.88965,1440.064336,0.575927266,2.2,-0.6,2.8,487.8253143,12,0.916666667
18,22,1/31/2025,Moreland Blues FC,FC Carlton Heart,1,11,0,0.782051282,0.283333333,0.68997799,0,4.8,2.6,5.4,10.2,1.4,-5.6,4.8,2.6,0.08974359,0.05,0.8,0.4,1738.70329,1352.519534,0.68997799,2.2,-4.8,7,386.1837559,9,0.888888889
20,19,1/31/2025,Western United FC,Altona Knights FC,1,6,6,0.333333333,0.358974359,0.456466038,0.31002201,2.4,2.2,5.6,7.8,-1.2,-3.6,2.4,2.2,0.01754386,0.025641026,0.4,0.2,1449.833418,1414.52322,0.146444028,0.2,-2.2,2.4,35.310198,9,0.444444444
18,331,2/7/2025,Moreland Blues FC,Hume FC,1,9,0,0.784810127,0.417721519,0.758554616,0.241445384,6.2,2.6,5.2,5.6,3,-1,6.2,2.6,0.101265823,0.037974684,0.8,0.6,1741.829671,1438.244002,0.517109232,3.6,-0.4,4,303.5856692,12,0.916666667
20,22,2/7/2025,Western United FC,FC Carlton Heart,1,10,3,0.344827586,0.278688525,0.665518118,0,3.4,2.2,6,11,-0.6,-6.8,3.4,2.2,0.017241379,0.049180328,0.6,0.4,1464.212899,1349.393154,0.665518118,1.2,-5,6.2,114.8197454,6,0.666666667
16,19,2/7/2025,Pascoe Vale FC,Altona Knights FC,1,9,2,0.5,0.35443038,0.260494752,0.241445384,3.6,3.4,6,7.6,-0.4,-2.2,3.6,3.4,0,0.025316456,0.4,0.4,1524.999429,1400.14374,0.019049368,0.2,-1.6,1.8,124.8556897,3,1
16,22,2/14/2025,Pascoe Vale FC,FC Carlton Heart,1,16,8,0.526315789,0.274193548,0.424072734,0,4.4,2.6,5.6,12.2,0.8,-7.6,4.4,2.6,0,0.048387097,0.4,0.4,1535.484976,1338.496354,0.424072734,1.8,-6.6,8.4,196.9886219,0,0.5
331,20,2/14/2025,Hume FC,Western United FC,0,1,7,0.4125,0.355932203,0.188037854,0.739505248,1.8,4.4,6.4,6.2,-2.6,0.2,1.8,4.4,0.0375,0.016949153,0.4,0.6,1433.496714,1475.109699,-0.551467394,-2.6,0.2,-2.8,-41.6129849,9,0.666666667
17,19,2/14/2025,Fitzroy FC,Altona Knights FC,1,15,1,0.962025316,0.35,1,0.188037854,5.6,3.4,3.2,8.4,4.4,-3,5.6,3.4,0.113924051,0.025,1,0.4,1929.709984,1389.658193,0.811962146,2.2,-5.2,7.4,540.0517917,12,1
22,17,2/21/2025,FC Carlton Heart,Fitzroy FC,0,2,20,0.26984127,0.9625,0,1,4.2,7.8,12.6,3.2,-6.4,6.6,4.2,7.8,0.047619048,0.1125,0.6,1,1330.706547,1931.077863,-1,-3.6,9.4,-13,-600.3713158,9,0
16,331,2/21/2025,Pascoe Vale FC,Hume FC,1,3,2,0.55,0.407407407,0.551467394,0.146444028,6.4,1.8,6.6,7,1.8,-3.2,6.4,1.8,0,0.037037037,0.4,0.4,1543.274783,1419.403951,0.405023366,4.6,-0.4,5,123.8708318,3,0.666666667
18,19,2/21/2025,Moreland Blues FC,Altona Knights FC,1,6,0,0.7875,0.345679012,0.811962146,0.146444028,6.2,3,4.4,10.2,3.8,-5.2,6.2,3,0.1125,0.024691358,0.8,0.4,1746.576958,1388.290314,0.665518118,3.2,-5.8,9,358.2866446,12,0.916666667
20,16,2/28/2025,Western United FC,Pascoe Vale FC,1,2,2,0.366666667,0.571428571,0.885949276,0.739505248,5.4,6.8,5.4,6,2,2.8,5.4,6.8,0.016666667,0,0.8,0.4,1489.202461,1553.800336,0.146444028,-1.4,-0.6,-0.8,-64.5978747,3,0.666666667
22,329,2/28/2025,FC Carlton Heart,Melbourne AKU FC,0,2,11,0.265625,0,0,0,3.8,0,15.4,2,-9.6,0,3.8,0,0.046875,0,0.4,0,1329.727668,1500,0,3.8,13.4,-9.6,-170.2723322,0,0.5
17,18,2/28/2025,Fitzroy FC,Moreland Blues FC,0,0,1,0.962962963,0.790123457,1,0.853555972,10.8,6.4,3.4,3.6,9.4,4.8,10.8,6.4,0.111111111,0.12345679,1,0.8,1932.056742,1750.186528,0.146444028,4.4,-0.2,4.6,181.8702147,12,0.916666667
16,17,3/7/2025,Pascoe Vale FC,Fitzroy FC,0,2,6,0.545454545,0.951219512,0.575927266,0.68997799,6.6,8.8,5.6,3.2,3,7.6,6.6,8.8,0,0.109756098,0.4,0.8,1534.859306,1908.37083,-0.114050724,-2.2,2.4,-4.6,-373.5115243,3,0
331,329,3/7/2025,Hume FC,Melbourne AKU FC,0,1,5,0.402439024,1,0.114050724,1,1.4,11,6.6,4,-3.2,9,1.4,0,0.036585366,0,0.2,1,1408.878399,1508.731481,-0.885949276,-9.6,2.6,-12.2,-99.85308246,0,0.5
18,20,3/7/2025,Moreland Blues FC,Western United FC,1,3,0,0.792682927,0.37704918,0.885949276,1,5.8,5.8,3,5,4.8,2.8,5.8,5.8,0.134146341,0.016393443,0.6,0.8,1773.87244,1508.143491,-0.114050724,0,-2,2,265.7289488,9,0.777777778
18,16,3/14/2025,Moreland Blues FC,Pascoe Vale FC,1,6,2,0.795180723,0.52173913,1,0.448532606,6,6.4,2,6,6,2.4,6,6.4,0.144578313,0,0.6,0.4,1779.569836,1531.521021,0.551467394,-0.4,-4,3.6,248.0488151,3,1
331,22,3/14/2025,Hume FC,FC Carlton Heart,1,7,7,0.397590361,0.261538462,0,0,0.8,3,7.6,15.6,-4.8,-10.6,0.8,3,0.036144578,0.046153846,0,0.2,1397.354243,1320.996187,0,-2.2,-8,5.8,76.35805607,9,0.777777778
17,20,3/14/2025,Fitzroy FC,Western United FC,0,6,7,0.951807229,0.370967742,0.758554616,0.68997799,9,5,3.2,5,7.8,2,9,5,0.108433735,0.016129032,0.8,0.6,1911.709114,1502.446096,0.068576626,4,-1.8,5.8,409.2630186,9,1
20,329,3/21/2025,Western United FC,Melbourne AKU FC,1,4,2,0.380952381,1,0.758554616,1,5.2,8,5,3.5,2.2,6.5,5.2,8,0.015873016,0,0.6,1,1531.67498,1520.255637,-0.241445384,-2.8,1.5,-4.3,11.41934335,0,0.5
17,331,3/21/2025,Fitzroy FC,Hume FC,1,5,3,0.94047619,0.404761905,0.501940136,0.31002201,9.4,2.2,4.6,8.2,6.8,-4,9.4,2.2,0.107142857,0.035714286,0.8,0.2,1882.48023,1409.893368,0.191918126,7.2,-3.6,10.8,472.5868626,13,0.923076923
18,22,3/21/2025,Moreland Blues FC,FC Carlton Heart,1,11,6,0.797619048,0.257575758,1,0,5,4.4,2.4,14.8,4.6,-8.4,5,4.4,0.142857143,0.045454545,0.6,0.4,1785.759552,1308.457062,1,0.6,-12.4,13,477.3024902,10,0.9
22,20,3/28/2025,FC Carlton Heart,Western United FC,0,1,5,0.253731343,0.390625,0,0.811962146,5,4,15,4.8,-8,1.2,5,4,0.044776119,0.015625,0.6,0.6,1306.5299,1547.149289,-0.811962146,1,10.2,-9.2,-240.6193889,7,0.285714286
18,331,3/28/2025,Moreland Blues FC,Hume FC,1,9,1,0.8,0.4,1,0.241445384,5.4,2.8,3.6,7.4,3.8,-2.6,5.4,2.8,0.141176471,0.035294118,0.6,0.2,1787.686714,1407.916452,0.758554616,2.6,-3.8,6.4,379.770262,13,0.923076923
16,329,3/28/2025,Pascoe Vale FC,Melbourne AKU FC,1,6,3,0.5,0.666666667,0.260494752,0.493519609,5,6,6.8,4.333333333,0.2,3.666666667,5,6,0,0,0.2,0.666666667,1525.331305,1504.781328,-0.233024857,-1,2.466666667,-3.466666667,20.54997708,0,0.5
331,329,4/4/2025,Hume FC,Melbourne AKU FC,1,5,4,0.395348837,0.5,0.188037854,0.339243631,2.8,5.25,7.8,5.25,-3,2,2.8,5.25,0.034883721,0,0.2,0.5,1404.684367,1489.726587,-0.151205777,-2.45,2.55,-5,-85.04221954,1,0
17,16,4/4/2025,Fitzroy FC,Pascoe Vale FC,0,2,4,0.941176471,0.52,0.612110588,0.424072734,7.4,3,5,5.8,4.4,-0.8,7.4,3,0.105882353,0,0.8,0.2,1884.457146,1540.386045,0.188037854,4.4,-0.8,5.2,344.0711008,4,1
18,20,4/4/2025,Moreland Blues FC,Western United FC,1,4,3,0.802325581,0.4,1,0.853555972,6,3.6,3.8,4.8,4.2,0.8,6,3.6,0.139534884,0.015384615,0.6,0.6,1790.918799,1553.555322,0.146444028,2.4,-1,3.4,237.3634772,10,0.8
17,329,4/11/2025,Fitzroy FC,Melbourne AKU FC,1,8,2,0.930232558,0.4,0.387889412,0.260494752,3.8,5,5.4,5.6,0.4,1.4,3.8,5,0.104651163,0,0.6,0.6,1856.337192,1469.886631,0.12739466,-1.2,-0.2,-1,386.4505609,0,0.5
20,331,4/11/2025,Western United FC,Hume FC,1,4,2,0.393939394,0.402298851,0.575927266,0.456466038,3.8,3.4,5.2,8,0.6,-2.6,3.8,3.4,0.015151515,0.034482759,0.6,0.4,1547.05272,1424.524323,0.119461228,0.4,-2.8,3.2,122.5283964,10,0.4
22,16,4/11/2025,FC Carlton Heart,Pascoe Vale FC,0,1,10,0.25,0.538461538,0,0.551467394,3.6,3.2,12.8,5.8,-7.2,-0.6,3.6,3.2,0.044117647,0,0.4,0.4,1300.123868,1568.505999,-0.551467394,0.4,7,-6.6,-268.3821318,1,0
16,18,5/2/2025,Pascoe Vale FC,Moreland Blues FC,0,4,9,0.555555556,0.804597701,0.739505248,1,4.8,6.6,5.6,4.4,1.2,4.2,4.8,6.6,0,0.137931034,0.6,0.8,1574.132223,1797.421401,-0.260494752,-1.8,1.2,-3,-223.2891777,4,0
331,22,5/2/2025,Hume FC,FC Carlton Heart,1,6,2,0.397727273,0.246376812,0.355496108,0,3.6,3.4,7.8,10.8,-2.2,-5.4,3.6,3.4,0.034090909,0.043478261,0.4,0.4,1413.944114,1294.497644,0.355496108,0.2,-3,3.2,119.4464704,10,0.8
20,17,5/2/2025,Western United FC,Fitzroy FC,0,2,5,0.402985075,0.931034483,0.758554616,0.612110588,4.6,5.4,5,5.6,1.6,1.8,4.6,5.4,0.014925373,0.103448276,0.8,0.8,1557.632928,1859.459243,0.146444028,-0.8,-0.6,-0.2,-301.8263141,10,0.1
17,22,5/9/2025,Fitzroy FC,FC Carlton Heart,1,22,3,0.931818182,0.242857143,0.697911422,0,5.2,3.4,5.6,9.8,1.6,-4.4,5.2,3.4,0.102272727,0.042857143,0.8,0.4,1864.247623,1283.791417,0.697911422,1.8,-4.2,6,580.4562056,10,1
331,16,5/9/2025,Hume FC,Pascoe Vale FC,1,4,3,0.404494382,0.535714286,0.498059864,0.575927266,3.4,5.2,6.8,6.2,-1.4,1,3.4,5.2,0.033707865,0,0.4,0.8,1424.650341,1567.199746,-0.077867402,-1.8,0.6,-2.4,-142.5494042,4,0.25
18,329,5/9/2025,Moreland Blues FC,Melbourne AKU FC,1,8,3,0.806818182,0.333333333,1,0.114050724,7.8,3.2,5.2,6.8,4.6,-1.6,7.8,3.2,0.136363636,0,1,0.4,1804.353878,1466.76458,0.885949276,4.6,-1.6,6.2,337.5892979,0,0.5
329,22,5/16/2025,Melbourne AKU FC,FC Carlton Heart,0,3,4,0.285714286,0.23943662,0,0,2.8,2.6,8.2,12.8,-3.4,-8.2,2.8,2.6,0,0.042253521,0.2,0.2,1462.755507,1282.697697,0,0.2,-4.6,4.8,180.0578099,1,1
17,18,5/16/2025,Fitzroy FC,Moreland Blues FC,1,3,3,0.93258427,0.808988764,0.853555972,1,8.4,8.2,4.8,5.4,5.6,4.8,8.4,8.2,0.101123596,0.134831461,0.8,1,1865.341343,1808.362952,-0.146444028,0.2,-0.6,0.8,56.97839095,13,0.846153846
20,16,5/16/2025,Western United FC,Pascoe Vale FC,0,3,4,0.397058824,0.517241379,0.501940136,0.448532606,3.6,5.4,4.8,5.8,0.8,1.6,3.6,5.4,0.014705882,0,0.6,0.8,1552.844548,1544.980241,0.05340753,-1.8,-1,-0.8,7.864307402,4,0.75
18,331,5/23/2025,Moreland Blues FC,Hume FC,1,4,0,0.8,0.411111111,0.68997799,0.697911422,6.6,3.6,4.8,6.4,3.8,-0.8,6.6,3.6,0.133333333,0.033333333,0.8,0.6,1794.96363,1446.869846,-0.007933432,3,-1.6,4.6,348.0937846,14,0.928571429
16,329,5/23/2025,Pascoe Vale FC,Melbourne AKU FC,1,3,2,0.533333333,0.25,0.570516762,0,5,3,5.8,8.2,1.2,-3.2,5,3,0,0,0.8,0.2,1561.342344,1439.133959,0.570516762,2,-2.4,4.4,122.2083845,1,1
20,22,5/23/2025,Western United FC,FC Carlton Heart,1,7,1,0.391304348,0.25,0.302088578,0.31002201,3.4,2.2,5.2,11.2,0.2,-7,3.4,2.2,0.014492754,0.041666667,0.4,0.2,1536.482446,1306.319244,-0.007933432,1.2,-6,7.2,230.1632013,8,0.75
329,17,5/30/2025,Melbourne AKU FC,Fitzroy FC,0,1,7,0.222222222,0.933333333,0,0.885949276,2.8,8,7.6,4.8,-2.8,5.2,2.8,8,0,0.1,0.2,0.6,1428.5407,1878.740664,-0.885949276,-5.2,2.8,-8,-450.1999639,1,0
22,16,5/30/2025,FC Carlton Heart,Pascoe Vale FC,0,5,9,0.246575342,0.548387097,0.241445384,0.665518118,2.2,4.8,11.6,5.8,-7.4,1,2.2,4.8,0.04109589,0,0.2,0.6,1299.599247,1571.935603,-0.424072734,-2.6,5.8,-8.4,-272.3363562,2,0
331,20,5/30/2025,Hume FC,Western United FC,1,7,0,0.406593407,0.4,0.543533962,0.456466038,3.4,3.8,5.4,5.2,0,0.6,3.4,3.8,0.032967033,0.014285714,0.6,0.4,1443.068064,1543.202443,0.087067924,-0.4,0.2,-0.6,-100.1343792,11,0.545454545
18,329,6/6/2025,Moreland Blues FC,Melbourne AKU FC,1,14,3,0.802197802,0.2,0.758554616,0,5.6,2.2,4.6,8,3,-3.8,5.6,2.2,0.142857143,0,0.8,0,1798.765412,1426.310824,0.758554616,3.4,-3.4,6.8,372.454588,1,1
16,331,6/6/2025,Pascoe Vale FC,Hume FC,1,3,0,0.5625,0.413043478,0.739505248,0.644503892,4.6,3.8,6.6,4.6,0,1.2,4.6,3.8,0,0.043478261,0.6,0.6,1577.457055,1463.555846,0.095001356,0.8,2,-1.2,113.9012088,5,0.6
17,22,6/6/2025,Fitzroy FC,FC Carlton Heart,1,14,1,0.934065934,0.243243243,1,0.188037854,9,3,4.2,11.4,6.8,-6.4,9,3,0.098901099,0.040540541,0.8,0.4,1880.97054,1294.077795,0.811962146,6,-7.2,13.2,586.8927454,11,1
20,17,6/13/2025,Western United FC,Fitzroy FC,0,2,7,0.394366197,0.934782609,0.355496108,1,3.2,10.2,5.8,4,-0.6,8.2,3.2,10.2,0.014084507,0.097826087,0.4,0.8,1522.714661,1882.02579,-0.644503892,-7,1.8,-8.8,-359.311129,11,0.090909091
18,16,6/13/2025,Moreland Blues FC,Pascoe Vale FC,0,1,4,0.804347826,0.575757576,0.811962146,0.885949276,7.6,4.4,4.6,4.8,5,1.6,7.6,4.4,0.141304348,0.03030303,0.8,0.4,1802.121933,1588.391883,-0.07398713,3.2,-0.2,3.4,213.7300495,5,1
331,22,6/13/2025,Hume FC,FC Carlton Heart,1,16,2,0.408602151,0.24,0.501940136,0.146444028,3.4,2.8,4.4,13,1,-8.2,3.4,2.8,0.043010753,0.04,0.6,0.4,1452.621017,1293.022546,0.355496108,0.6,-8.6,9.2,159.5984718,11,0.818181818
22,18,6/20/2025,FC Carlton Heart,Moreland Blues FC,0,3,21,0.236842105,0.795698925,0.114050724,0.543533962,2.6,6,11.8,4.6,-7.2,3.4,2.6,6,0.039473684,0.139784946,0.4,0.6,1283.895562,1777.357896,-0.429483238,-3.4,7.2,-10.6,-493.4623334,11,0.090909091
331,17,6/20/2025,Hume FC,Fitzroy FC,0,1,5,0.414893617,0.935483871,0.612110588,1,5.4,10.6,4.4,4,3,8.6,5.4,10.6,0.042553191,0.096774194,0.6,0.8,1461.748001,1885.616516,-0.387889412,-5.2,0.4,-5.6,-423.8685153,14,0.071428571
329,20,6/20/2025,Melbourne AKU FC,Western United FC,1,5,4,0.181818182,0.388888889,0,0.188037854,2.4,2.8,9.2,6.8,-4.8,-2,2.4,2.8,0,0.013888889,0,0.2,1422.954304,1519.123935,-0.188037854,-0.4,2.4,-2.8,-96.16963075,1,0
329,22,6/27/2025,Melbourne AKU FC,FC Carlton Heart,1,7,4,0.25,0.233766234,0.31002201,0,2.8,2.4,8.4,15.4,-3.6,-11,2.8,2.4,0,0.038961039,0.2,0.2,1443.273334,1282.130142,0.31002201,0.4,-7,7.4,161.1431921,2,0.5
17,18,6/27/2025,Fitzroy FC,Moreland Blues FC,1,3,3,0.936170213,0.79787234,1,0.644503892,7.2,8.6,3.6,4.6,5.6,6,7.2,8.6,0.095744681,0.138297872,0.8,0.6,1888.182089,1779.123316,0.355496108,-1.4,-1,-0.4,109.058773,14,0.857142857
20,16,6/27/2025,Western United FC,Pascoe Vale FC,1,5,5,0.383561644,0.588235294,0.146444028,1,3.2,4.6,6.8,4.2,-1.6,2.4,3.2,4.6,0.01369863,0.029411765,0.4,0.6,1498.804904,1613.15592,-0.853555972,-1.4,2.6,-4,-114.3510162,5,0.6
16,17,7/4/2025,Pascoe Vale FC,Fitzroy FC,0,2,5,0.571428571,0.936842105,0.68997799,1,4.8,7.2,4.6,3.6,2.2,5.6,4.8,7.2,0.028571429,0.094736842,0.6,0.8,1592.072118,1899.318447,-0.31002201,-2.4,1,-3.4,-307.2463287,5,0.2
18,20,7/4/2025,Moreland Blues FC,Western United FC,1,8,7,0.789473684,0.391891892,0.501940136,0.424072734,8.6,3.6,4.6,7,6,-1.4,8.6,3.6,0.136842105,0.013513514,0.6,0.6,1767.986958,1519.888707,0.077867402,5,-2.4,7.4,248.0982511,11,0.818181818
329,331,7/4/2025,Melbourne AKU FC,Hume FC,1,5,1,0.307692308,0.410526316,0.551467394,0.387889412,3.6,4.8,8.4,4.8,-2.8,2,3.6,4.8,0,0.042105263,0.4,0.4,1452.342418,1459.182428,0.163577982,-1.2,3.6,-4.8,-6.840010338,2,0.5
17,329,8/15/2025,Fitzroy FC,Melbourne AKU FC,1,8,3,0.9375,0.357142857,1,0.739505248,6.8,4.2,3.8,8,5,-1.8,6.8,4.2,0.09375,0,0.8,0.6,1903.981168,1468.657371,0.260494752,2.6,-4.2,6.8,435.3237967,2,1
331,343,8/15/2025,Hume FC,Northern Phoenix FC,0,1,6,0.40625,0,0.302088578,0,5,0,5,2,2,0,5,0,0.041666667,0,0.4,0,1442.867475,1500,0.302088578,5,3,2,-57.13252511,0,0.5
344,16,8/15/2025,Thornbury Utd FC ,Pascoe Vale FC,1,5,4,0,0.555555556,0,0.448532606,0,4.6,2,5.2,0,1.4,0,4.6,0,0.027777778,0,0.6,1500,1587.409397,-0.448532606,-4.6,-3.2,-1.4,-87.40939687,0,0.5
343,18,8/22/2025,Northern Phoenix FC,Moreland Blues FC,0,1,13,1,0.791666667,1,0.612110588,6,9.4,3,6,5,5.4,0,9.4,0,0.135416667,1,0.6,1513.392411,1774.175253,0.387889412,-3.4,-3,-0.4,-260.7828419,0,0.5
17,331,8/22/2025,Fitzroy FC,Hume FC,1,8,1,0.93814433,0.402061856,1,0.146444028,5.6,3.8,4.2,6.2,3.4,-0.4,5.6,3.8,0.092783505,0.041237113,0.8,0.2,1906.395371,1429.475063,0.853555972,1.8,-2,3.8,476.9203076,15,0.933333333
329,344,8/22/2025,Melbourne AKU FC,Thornbury Utd FC ,1,5,4,0.333333333,1,0.575927266,1,4.6,5,8.2,6,-1.6,1,4.6,0,0,0,0.6,1,1466.243168,1519.94252,-0.424072734,-0.4,2.2,-2.6,-53.69935167,0,0.5
344,331,8/29/2025,Thornbury Utd FC ,Hume FC,0,4,5,0.5,0.397959184,0.268941421,0.114050724,4.5,4,6.5,7.2,0,-1.2,4.5,4,0,0.040816327,1,0.2,1501.489079,1427.543913,0.154890698,0.5,-0.7,1.2,73.94516559,0,0.5
16,17,8/29/2025,Pascoe Vale FC,Fitzroy FC,0,1,6,0.540540541,0.93877551,0.260494752,1,3.6,5.8,5.2,4,0.4,3.8,3.6,5.8,0.027027027,0.091836735,0.6,0.8,1567.466877,1908.326521,-0.739505248,-2.2,1.2,-3.4,-340.8596445,6,0.166666667
18,329,8/29/2025,Moreland Blues FC,Melbourne AKU FC,1,4,4,0.793814433,0.375,0.697911422,0.758554616,9.2,5,5.6,6.2,5.6,0.8,9.2,5,0.134020619,0,0.6,0.8,1780.007208,1484.69661,-0.060643194,4.2,-0.6,4.8,295.3105988,2,1
17,343,9/5/2025,Fitzroy FC,Northern Phoenix FC,1,8,7,0.939393939,0.5,1,0.268941421,6,3.5,4,9,4,-3.5,6,3.5,0.090909091,0,0.8,0.5,1912.270041,1507.560456,0.731058579,2.5,-5,7.5,404.7095852,0,0.5
18,331,9/5/2025,Moreland Blues FC,Hume FC,1,6,4,0.795918367,0.404040404,0.853555972,0.31002201,9.8,1.8,5.6,7.6,6.2,-3.8,9.8,1.8,0.132653061,0.04040404,0.8,0.2,1784.950329,1446.898712,0.543533962,8,-2,10,338.051617,15,0.933333333
329,16,9/5/2025,Melbourne AKU FC,Pascoe Vale FC,0,1,4,0.352941176,0.526315789,0.501940136,0.114050724,4.8,3.2,6.2,6.4,0.6,-1.2,4.8,3.2,0,0.026315789,0.8,0.6,1479.753489,1563.523357,0.387889412,1.6,-0.2,1.8,-83.76986757,2,0
344,17,9/12/2025,Thornbury Utd FC ,Fitzroy FC,0,0,5,0.333333333,0.94,0.186323723,1,4.333333333,7,6.666666667,4.8,-0.333333333,4.2,4.333333333,7,0,0.09,1,1,1482.13428,1915.108226,-0.813676277,-2.666666667,1.866666667,-4.533333333,-432.9739457,0,0.5
343,329,9/12/2025,Northern Phoenix FC,Melbourne AKU FC,0,4,6,0.333333333,0.333333333,0.186323723,0.302088578,4.666666667,3.6,9.333333333,6.2,-2.666666667,-0.6,4.666666667,3.6,0,0,0.666666667,0.6,1504.722272,1467.538177,-0.115764855,1.066666667,3.133333333,-2.066666667,37.18409451,0,0.5
18,16,9/12/2025,Moreland Blues FC,Pascoe Vale FC,0,3,7,0.797979798,0.538461538,0.885949276,0.31002201,6.8,3.2,5.8,6.4,3,-1.2,6.8,3.2,0.131313131,0.025641026,0.8,0.6,1788.950079,1575.738668,0.575927266,3.6,-0.6,4.2,213.2114111,6,0.833333333
344,18,9/19/2025,Thornbury Utd FC ,Moreland Blues FC,0,1,8,0.25,0.79,0.141610399,0.68997799,3.25,6.8,6.75,6.6,-1.5,2.2,3.25,6.8,0,0.13,0.75,0.8,1479.68971,1764.202774,-0.548367591,-3.55,0.15,-3.7,-284.5130633,0,0.5
329,331,9/19/2025,Melbourne AKU FC,Hume FC,1,8,3,0.368421053,0.4,0.456466038,0.241445384,3.8,2.4,6.8,7.8,-1,-3.4,3.8,2.4,0,0.04,0.6,0.4,1485.24406,1442.898962,0.215020654,1.4,-1,2.4,42.3450982,3,0.666666667
16,343,9/19/2025,Pascoe Vale FC,Northern Phoenix FC,1,3,3,0.55,0.25,0.551467394,0.141610399,3.6,4.5,6,9,-0.4,-2.5,3.6,4.5,0.025,0,0.6,0.75,1600.485974,1487.016389,0.409856995,-0.9,-3,2.1,113.4695841,0,0.5
344,343,10/3/2025,Thornbury Utd FC ,Northern Phoenix FC,1,5,4,0.2,0.2,0.114050724,0.114050724,2.8,4.2,7.4,8.2,-2.6,-2,2.8,4.2,0,0,0.6,0.6,1474.481193,1476.063669,0,-1.4,-0.8,-0.6,-1.582475459,0,0.5
18,17,10/3/2025,Moreland Blues FC,Fitzroy FC,1,5,5,0.792079208,0.940594059,0.758554616,1,6.8,7,5.4,4.4,3.4,4.6,6.8,7,0.128712871,0.099009901,0.8,1,1769.411291,1917.552796,-0.241445384,-0.2,1,-1.2,-148.1415046,15,0.133333333
331,16,10/3/2025,Hume FC,Pascoe Vale FC,1,2,2,0.396039604,0.56097561,0.188037854,0.739505248,2.8,3.8,8.4,5.6,-3.6,0.2,2.8,3.8,0.03960396,0.024390244,0.4,0.6,1428.839427,1611.438694,-0.551467394,-1,2.8,-3.8,-182.599267,6,0.333333333
343,18,10/10/2025,Northern Phoenix FC,Moreland Blues FC,0,2,13,0.166666667,0.794117647,0,0.811962146,3.8,5.2,9,6.2,-3.2,1,3.8,5.2,0,0.12745098,0.6,0.8,1459.990794,1791.84803,-0.811962146,-1.4,2.8,-4.2,-331.8572368,1,0
331,17,10/10/2025,Hume FC,Fitzroy FC,0,1,5,0.401960784,0.931372549,0.456466038,0.68997799,3,6.4,7.6,4.8,-2.6,3.6,3,6.4,0.039215686,0.098039216,0.4,1,1452.55114,1895.116056,-0.233511952,-3.4,2.8,-6.2,-442.5649157,16,0.0625
16,329,10/10/2025,Pascoe Vale FC,Melbourne AKU FC,1,5,3,0.547619048,0.4,0.575927266,0.665518118,3.4,4.8,5,5.8,0.4,1,3.4,4.8,0.023809524,0,0.4,0.8,1587.726981,1499.303595,-0.089590851,-1.4,-0.8,-0.6,88.42338583,3,1
344,343,10/17/2025,Thornbury Utd FC ,Northern Phoenix FC,0,2,8,0.333333333,0.142857143,0.31002201,0,2.8,4,7.4,9,-2.6,-3,2.8,4,0,0,0.6,0.6,1490.554069,1455.86457,0.31002201,-1.2,-1.6,0.4,34.68949819,1,1
17,329,10/17/2025,Fitzroy FC,Melbourne AKU FC,1,2,1,0.932038835,0.380952381,0.758554616,0.429483238,5.8,4.4,4.8,6,3,0.4,5.8,4.4,0.097087379,0,1,0.6,1897.43885,1487.289944,0.329071378,1.4,-1.2,2.6,410.148906,3,1
331,16,10/17/2025,Hume FC,Pascoe Vale FC,1,4,4,0.398058252,0.558139535,0.355496108,0.758554616,3,4.2,7,4.4,-2,1.8,3,4.2,0.038834951,0.023255814,0.4,0.6,1450.228346,1599.740632,-0.403058508,-1.2,2.6,-3.8,-149.5122855,7,0.428571429
18,331,10/24/2025,Moreland Blues FC,Hume FC,1,4,3,0.796116505,0.403846154,0.853555972,0.498059864,7,2.8,5.8,7,3.2,-2.2,7,2.8,0.126213592,0.038461538,0.8,0.4,1795.974254,1472.717912,0.355496108,4.2,-1.2,5.4,323.2563419,16,0.9375
16,343,10/24/2025,Pascoe Vale FC,Northern Phoenix FC,1,6,3,0.545454545,0.25,0.501940136,0.31002201,4.2,4.2,5,7.8,1.2,-1.6,4.2,4.2,0.022727273,0,0.6,0.6,1577.251066,1473.456793,0.191918126,0,-2.8,2.8,103.7942726,1,1
344,329,10/24/2025,Thornbury Utd FC ,Melbourne AKU FC,0,2,4,0.285714286,0.363636364,0.241445384,0.334481882,2.4,3.8,8,5.6,-3.6,0.2,2.4,3.8,0,0,0.4,0.4,1472.961846,1484.531709,-0.093036498,-1.4,2.4,-3.8,-11.5698633,1,0
344,17,10/31/2025,Thornbury Utd FC ,Fitzroy FC,0,3,12,0.25,0.932692308,0.188037854,0.811962146,2,5,7.8,4.8,-3.8,2.2,2,5,0,0.096153846,0.2,0.8,1457.494461,1900.197085,-0.623924292,-3,3,-6,-442.7026249,1,0
18,16,10/31/2025,Moreland Blues FC,Pascoe Vale FC,1,5,3,0.798076923,0.555555556,0.885949276,0.612110588,6.6,4,5.6,5,3,1,6.6,4,0.125,0.022222222,0.8,0.6,1800.28172,1588.608463,0.273838688,2.6,0.6,2,211.673257,7,0.714285714
329,331,10/31/2025,Melbourne AKU FC,Hume FC,0,0,5,0.391304348,0.4,0.570516762,0.387889412,4.4,2.6,5.2,6.6,1.2,-2,4.4,2.6,0,0.038095238,0.6,0.2,1499.999094,1468.410446,0.18262735,1.8,-1.4,3.2,31.58864787,4,0.75
344,331,11/7/2025,Thornbury Utd FC ,Hume FC,0,0,2,0.222222222,0.405660377,0.146444028,0.612110588,2.6,3,9.2,5,-4.6,0,2.6,3,0,0.047169811,0.2,0.4,1455.173374,1485.861162,-0.46566656,-0.4,4.2,-4.6,-30.68778823,1,0
18,329,11/7/2025,Moreland Blues FC,Melbourne AKU FC,0,3,8,0.8,0.375,1,0.355496108,7,3.2,4.8,5.4,4.2,-0.2,7,3.2,0.123809524,0,1,0.4,1807.584197,1482.548378,0.644503892,3.8,-0.6,4.4,325.0358194,3,1
17,343,11/7/2025,Fitzroy FC,Northern Phoenix FC,1,13,2,0.933333333,0.222222222,0.853555972,0.241445384,5.8,4,4,7.8,3.8,-1.8,5.8,4,0.095238095,0,0.8,0.4,1902.518172,1462.099397,0.612110588,1.8,-3.8,5.6,440.4187756,1,1
329,343,11/14/2025,Melbourne AKU FC,Northern Phoenix FC,0,4,6,0.4,0.2,0.498059864,0.188037854,3.2,3.8,5.4,9.8,-0.2,-4,3.2,3.8,0,0,0.4,0.4,1510.278953,1459.749849,0.31002201,-0.6,-4.4,3.8,50.52910491,1,1
344,18,11/14/2025,Thornbury Utd FC ,Moreland Blues FC,0,6,10,0.2,0.79245283,0.114050724,0.68997799,2.4,6,8,6.2,-3.6,1.8,2.4,6,0,0.122641509,0.2,0.8,1440.582935,1779.853622,-0.575927266,-3.6,1.8,-5.4,-339.2706871,1,0
16,17,11/14/2025,Pascoe Vale FC,Fitzroy FC,0,3,8,0.543478261,0.933962264,0.387889412,0.885949276,4,7.4,5.4,4.4,0.6,5,4,7.4,0.02173913,0.094339623,0.6,0.8,1581.305985,1904.867721,-0.498059864,-3.4,1,-4.4,-323.561736,7,0.142857143
16,344,11/21/2025,Pascoe Vale FC,Thornbury Utd FC ,1,3,2,0.531914894,0.181818182,0.302088578,0,4.2,2.6,6.6,9.2,-0.4,-4.6,4.2,2.6,0.021276596,0,0.6,0.2,1577.005068,1436.60768,0.302088578,1.6,-2.6,4.2,140.3973879,1,0
17,18,11/21/2025,Fitzroy FC,Moreland Blues FC,0,1,2,0.934579439,0.794392523,1,0.758554616,8,7,4,6.4,6,2.6,8,7,0.093457944,0.121495327,0.8,0.8,1909.168638,1783.828876,0.241445384,1,-2.4,3.4,125.3397612,16,0.8125
331,343,11/21/2025,Hume FC,Northern Phoenix FC,1,5,4,0.411214953,0.272727273,0.697911422,0.456466038,3,4.2,4.6,9.6,0.4,-3.4,3,4.2,0.056074766,0,0.4,0.4,1500.451601,1478.060532,0.241445384,-1.2,-5,3.8,22.39106899,1,0
331,344,2/8/2026,Hume FC,Thornbury Utd FC ,1,4,1,0.416666667,0.166666667,0.853555972,0,3.8,2.6,4.4,8.2,1.4,-3.6,3.8,2.6,0.055555556,0,0.6,0.2,1515.421879,1426.742853,0.853555972,1.2,-3.8,5,88.67902558,2,1
18,17,2/8/2026,Moreland Blues FC,Fitzroy FC,0,1,5,0.796296296,0.925925926,0.811962146,0.68997799,4.8,7.2,6.2,4.2,0.6,5,4.8,7.2,0.12037037,0.092592593,0.6,0.6,1805.362964,1887.63455,0.121984156,-2.4,2,-4.4,-82.27158525,17,0.235294118
16,329,2/8/2026,Pascoe Vale FC,Melbourne AKU FC,0,0,2,0.541666667,0.384615385,0.456466038,0.387889412,3.8,3.4,6.4,5.6,-0.6,-0.2,3.8,3.4,0.020833333,0,0.4,0.6,1586.869895,1491.968271,0.068576626,0.4,0.8,-0.4,94.901624,4,1
344,329,2/15/2026,Thornbury Utd FC ,Melbourne AKU FC,1,5,5,0.153846154,0.407407407,0,0.612110588,2.4,3.6,8.2,5.2,-3.8,0.4,2.4,3.6,0,0.037037037,0.2,0.6,1414.740242,1512.233109,-0.612110588,-1.2,3,-4.2,-97.49286638,2,0
22,17,2/15/2026,FC Carlton Heart,Fitzroy FC,0,1,9,0.230769231,0.926605505,0,0.758554616,3,7.8,15.4,4.2,-10.4,5.6,3,7.8,0.038461538,0.091743119,0.4,0.8,1273.061058,1899.915065,-0.758554616,-4.8,11.2,-16,-626.8540072,12,0
16,331,2/15/2026,Pascoe Vale FC,Hume FC,1,4,2,0.530612245,0.422018349,0.355496108,0.885949276,3,3.8,6,3.8,-1,2,3,3.8,0.020408163,0.055045872,0.2,0.6,1566.605056,1527.42449,-0.530453168,-0.8,2.2,-3,39.18056636,8,0.5
331,22,3/1/2026,Hume FC,FC Carlton Heart,1,6,4,0.418181818,0.227848101,0.68997799,0,3.6,2.2,3.8,15.4,1.8,-11.2,3.6,2.2,0.054545455,0.037974684,0.6,0.2,1513.221212,1272.216936,0.68997799,1.4,-11.6,13,241.0042753,12,0.833333333
344,18,3/1/2026,Thornbury Utd FC ,Moreland Blues FC,0,1,6,0.214285714,0.788990826,0.31002201,0.543533962,2.8,4.2,6.8,6.6,-2,-0.4,2.8,4.2,0,0.119266055,0.4,0.4,1435.115711,1793.082449,-0.233511952,-1.4,0.2,-1.6,-357.9667378,2,0
16,17,3/1/2026,Pascoe Vale FC,Fitzroy FC,0,1,2,0.54,0.927272727,0.498059864,0.811962146,2.6,7.2,5.8,3.8,-1.2,5.4,2.6,7.2,0.02,0.090909091,0.2,0.8,1580.808335,1900.759187,-0.313902282,-4.6,2,-6.6,-319.9508521,8,0.125
331,17,3/8/2026,Hume FC,Fitzroy FC,1,4,3,0.423423423,0.927927928,0.758554616,0.853555972,3.8,5,4.6,3.6,1.2,3.4,3.8,5,0.054054054,0.09009009,0.6,0.6,1519.6159,1905.138076,-0.095001356,-1.2,1,-2.2,-385.5221764,17,0.058823529
329,22,3/8/2026,Melbourne AKU FC,FC Carlton Heart,1,3,1,0.392857143,0.225,0.387889412,0,3.8,2.8,5.8,13.8,0,-9,3.8,2.8,0.035714286,0.0375,0.6,0.4,1491.85764,1265.822248,0.387889412,1,-8,9,226.0353918,3,0.666666667
16,18,3/8/2026,Pascoe Vale FC,Moreland Blues FC,0,2,7,0.529411765,0.790909091,0.387889412,0.644503892,2.2,4.4,5.2,6.2,-1,0.2,2.2,4.4,0.019607843,0.118181818,0.2,0.4,1576.429445,1796.69792,-0.25661448,-2.2,-1,-1.2,-220.2684749,8,0.25
16,22,3/22/2026,Pascoe Vale FC,FC Carlton Heart,1,6,6,0.519230769,0.222222222,0.302088578,0,2,2.6,5,11.2,-1,-6.6,2,2.6,0.019230769,0.037037037,0.2,0.4,1569.402071,1258.975236,0.302088578,-0.6,-6.2,5.6,310.4268355,3,1
18,329,3/22/2026,Moreland Blues FC,Melbourne AKU FC,1,4,0,0.792792793,0.413793103,0.811962146,0.612110588,5.2,4.4,5,5,2.2,1.4,5.2,4.4,0.117117117,0.034482759,0.6,0.6,1803.725293,1498.704652,0.199851558,0.8,0,0.8,305.0206411,4,0.75
17,344,3/22/2026,Fitzroy FC,Thornbury Utd FC ,1,9,1,0.919642857,0.2,0.575927266,0.241445384,4,3,3.8,7.6,2.2,-2.6,4,3,0.089285714,0,0.4,0.4,1876.275216,1431.50024,0.334481882,1,-3.8,4.8,444.774976,2,1
331,18,3/29/2026,Hume FC,Moreland Blues FC,0,1,2,0.428571429,0.794642857,0.811962146,0.853555972,4.2,4,5.2,3.8,1,2.2,4.2,4,0.053571429,0.125,0.8,0.6,1548.47876,1808.439281,-0.041593826,0.2,1.4,-1.2,-259.9605213,17,0.058823529
344,22,3/29/2026,Thornbury Utd FC ,FC Carlton Heart,1,4,1,0.1875,0.219512195,0.188037854,0,2,3.2,7.4,8.2,-3.4,-3,2,3.2,0,0.036585366,0.2,0.6,1429.204704,1254.384971,0.188037854,-1.2,-0.8,-0.4,174.8197327,0,0.5
17,329,3/29/2026,Fitzroy FC,Melbourne AKU FC,1,11,1,0.920353982,0.4,0.758554616,0.387889412,5.6,2.8,3.6,5.2,4,-0.4,5.6,2.8,0.088495575,0.033333333,0.6,0.4,1878.570753,1493.990664,0.370665204,2.8,-1.6,4.4,384.5800892,4,1
344,16,4/19/2026,Thornbury Utd FC ,Pascoe Vale FC,1,5,5,0.235294118,0.528301887,0.456466038,0.456466038,2.4,2.6,7,5.8,-2.6,-1.2,2.4,2.6,0,0.018867925,0.4,0.4,1437.770978,1573.992336,0,-0.2,1.2,-1.4,-136.2213579,2,0.5
22,18,4/19/2026,FC Carlton Heart,Moreland Blues FC,1,7,7,0.21686747,0.796460177,0,0.885949276,2.6,4,7.6,3.8,-3,2.2,2.6,4,0.036144578,0.123893805,0.4,0.6,1245.818696,1814.293845,-0.885949276,-1.4,3.8,-5.2,-568.4751492,12,0.083333333
329,331,4/19/2026,Melbourne AKU FC,Hume FC,0,3,4,0.387096774,0.424778761,0.302088578,0.543533962,2.2,3.4,6.2,4.8,-2,0.6,2.2,3.4,0.032258065,0.053097345,0.2,0.6,1490.838145,1542.624196,-0.241445384,-1.2,1.4,-2.6,-51.78605012,5,0.6
18,16,4/26/2026,Moreland Blues FC,Pascoe Vale FC,1,5,1,0.789473684,0.518518519,0.68997799,0.355496108,5.2,3.6,4.2,6.4,3,-0.8,5.2,3.6,0.122807018,0.018518519,0.8,0.6,1783.462807,1552.021951,0.334481882,1.6,-2.2,3.8,231.4408557,9,0.777777778
329,17,4/26/2026,Melbourne AKU FC,Fitzroy FC,0,2,3,0.375,0.921052632,0.146444028,0.811962146,2.4,6.8,7,3.6,-2.6,5.2,2.4,6.8,0.03125,0.087719298,0.2,0.6,1477.205476,1881.723272,-0.665518118,-4.4,3.4,-7.8,-404.5177963,5,0
22,331,4/26/2026,FC Carlton Heart,Hume FC,0,3,6,0.226190476,0.429824561,0.31002201,0.644503892,3.8,3.4,7.2,5.2,-1.4,0.2,3.8,3.4,0.035714286,0.052631579,0.6,0.6,1276.649735,1556.256865,-0.334481882,0.4,2,-1.6,-279.6071307,13,0.153846154
